place,player,speed_run_time,console,date_achieved
1,jn32931x,5728,w89rwelk,2024-11-04T05:39:48Z
2,zxzk1q9x,5730,w89rwelk,2025-03-18T23:22:54Z
3,j2ylqn68,5752,w89rwelk,2025-06-14T16:07:07Z
4,kjprmwk8,5762,w89rwelk,2024-07-07T17:33:13Z
5,1xyd46wx,5793,w89rwelk,2025-05-01T21:52:00Z
6,8wkzer38,5804,w89rwelk,2024-05-16T04:38:07Z
6,v814mkp8,5804,w89rwelk,2024-06-12T23:32:21Z
8,v81ddq38,5818,w89rwelk,2025-04-30T14:37:36Z
9,jo2mr9n8,5823,w89rwelk,2023-10-22T09:45:36Z
10,zx77v7rx,5826,w89rwelk,2024-09-29T17:44:24Z
11,pj0zz298,5827,w89rwelk,2025-02-26T09:05:45Z
12,kj9yz0wx,5837,w89rwelk,2023-11-23T15:29:50Z
13,48gev4rj,5846,w89rwelk,2024-10-06T18:08:39Z
14,kj9lkowj,5860,w89rwelk,2023-11-13T15:12:15Z
15,dx35192j,5875,w89rwelk,2024-03-21T19:42:58Z
15,8r7m4ldj,5875,w89rwelk,2025-04-23T01:50:46Z
17,jm3lqln8,5901,w89rwelk,2024-07-16T04:54:08Z
18,kj92gmv8,5909,w89rwelk,2024-02-12T11:54:55Z
19,7j40gpw8,5925,w89rwelk,2024-03-20T11:39:31Z
20,jmolpwo8,5933,w89rwelk,2023-11-09T05:36:53Z
20,e8e6edj0,5933,w89rwelk,2024-07-14T06:13:12Z
22,qxk45r6j,5934,w89rwelk,2021-01-30T17:28:58Z
22,zx76v0j7,5934,w89rwelk,2021-06-26T23:42:27Z
24,18q3zwqj,5938,w89rwelk,2024-09-09T20:39:22Z
25,98rp5e6j,5940,w89rwelk,2021-09-24T14:00:24Z
26,j0n10kw8,5941,w89rwelk,2025-04-04T03:01:47Z
27,8v5253yj,5942,w89rwelk,2024-08-06T07:09:33Z
28,zx7gnyx7,5947,w89rwelk,2023-10-19T19:03:35Z
29,qj2w3rpj,5949,w89rwelk,2024-05-21T17:40:43Z
30,j51q9668,5959,nzelreqp,2024-07-14T21:05:50Z
31,jo3v1n0j,5961,w89rwelk,2025-02-03T14:01:35Z
32,8lr0m1v8,5967,w89rwelk,2024-10-26T06:27:34Z
33,1xyl49zj,5968,w89rwelk,2021-03-10T04:46:11Z
34,98rl4w38,5971,w89rwelk,2024-12-18T20:38:38Z
35,qjor2nj6,5984,nzelreqp,2025-02-10T18:59:07Z
36,j5vgqlw8,5986,w89rwelk,2025-05-05T05:17:30Z
37,kjp9p28q,5991,w89rwelk,2022-02-12T10:54:57Z
37,j03z503j,5991,w89rwelk,2023-06-23T01:30:46Z
39,qjn77418,5993,w89rwelk,2024-10-15T02:00:08Z
40,pj0l653j,5994,w89rwelk,2024-03-10T05:37:22Z
41,v815edqj,5997,w89rwelk,2022-10-23T00:57:58Z
42,qxk3o980,6003,w89rwelk,2021-11-14T09:33:35Z
43,jpmk03yj,6010,w89rwelk,2025-05-18T18:40:10Z
44,kjpqy9yx,6012,w89rwelk,2021-05-17T00:31:43Z
45,v8lgdovj,6020,w89rwelk,2024-04-15T23:47:42Z
46,dx31lw78,6021,w89rwelk,2021-04-05T01:30:00Z
47,18q9317j,6025,w89rwelk,2021-11-28T17:32:01Z
48,8e6vr17j,6039,w89rwelk,2024-07-22T18:27:30Z
49,pj0o24rj,6040,nzelreqp,2022-10-30T11:34:48Z
50,zxzpz50j,6043,w89rwelk,2020-11-12T00:58:51Z
51,v816eo5x,6046,nzelreqp,2024-02-03T01:44:05Z
52,xyreddzj,6048,w89rwelk,2025-06-10T04:14:38Z
53,xyrqdwmj,6049,w89rwelk,2023-08-03T18:58:44Z
54,8q316z7j,6056,w89rwelk,2025-03-31T23:42:40Z
55,jpm2m44j,6057,w89rwelk,2025-06-12T09:19:13Z
56,qjonw238,6058,w89rwelk,2024-08-21T14:08:02Z
57,18vkpkyj,6059,w89rwelk,2023-05-23T09:52:28Z
58,xyrdnrnj,6061,w89rwelk,2025-02-22T21:28:39Z
59,8d4ywn58,6062,w89rwelk,2024-02-21T06:04:15Z
60,5j5w6qnj,6075,w89rwelk,2024-09-02T04:57:46Z
61,98r475gj,6076,w89rwelk,2025-02-22T03:05:38Z
62,xzld0398,6084,w89rwelk,2025-04-07T12:28:20Z
63,qj2y1r68,6097,nzelreqp,2024-02-14T19:02:55Z
64,18vk21yj,6101,w89rwelk,2021-10-04T11:55:08Z
65,kjpqrr4x,6103,w89rwelk,2021-03-09T20:10:54Z
66,1xy1oozx,6109,w89rwelk,2024-01-21T19:16:17Z
67,0jmo9zn8,6110,w89rwelk,2024-02-01T09:13:30Z
68,pj0v59xw,6112,w89rwelk,2024-06-10T02:32:23Z
69,x353dr7j,6114,nzelreqp,2023-07-26T23:29:57Z
70,qxkm6mj0,6115,w89rwelk,2023-01-11T18:33:09Z
70,8geyo77j,6115,w89rwelk,2023-12-07T08:31:30Z
72,8g2zm0rj,6117,w89rwelk,2025-05-25T04:03:08Z
73,v8lem77x,6119,w89rwelk,2024-02-09T03:14:09Z
74,kj9egwv8,6122,w89rwelk,2023-02-21T03:49:51Z
75,jp4q645j,6127,w89rwelk,2025-04-08T02:31:51Z
76,pj02nmw8,6129,w89rwelk,
77,qjop4q3x,6130,w89rwelk,2018-08-11T15:02:19Z
78,5j52e9qj,6133,w89rwelk,2017-05-04T02:36:10Z
79,v8lq4k7x,6134,w89rwelk,2022-04-27T03:54:06Z
79,x7mo69vx,6134,w89rwelk,2025-05-09T00:56:14Z
81,5j5v2nz8,6143,w89rwelk,2020-02-12T11:57:28Z
82,0jm7n3nj,6144,w89rwelk,2018-11-03T07:58:08Z
82,y8d2v2mj,6144,w89rwelk,2022-04-22T21:39:52Z
84,0jml0zy8,6146,w89rwelk,2020-10-22T14:39:22Z
85,zxzvprjq,6148,w89rwelk,2015-12-07T00:13:54Z
86,qxk4wo6j,6153,w89rwelk,2023-06-14T22:08:08Z
86,86nrm5qx,6153,w89rwelk,2024-07-03T23:25:31Z
88,kj9ylvx4,6162,w89rwelk,2019-05-12T05:10:26Z
89,98r70w3j,6166,w89rwelk,2021-11-23T03:03:25Z
90,8rpp0egj,6172,w89rwelk,2022-07-09T22:42:31Z
91,dx3q74qj,6173,w89rwelk,2021-08-18T20:40:07Z
92,xk4zke6j,6174,w89rwelk,2024-03-07T00:38:17Z
93,x359w0kj,6175,w89rwelk,2023-04-29T11:09:15Z
94,1xyw6wn8,6181,w89rwelk,2023-05-14T06:10:19Z
95,1xy05zjr,6194,w89rwelk,2021-12-08T14:23:06Z
96,zxz97kn8,6196,w89rwelk,2021-01-13T23:44:27Z
97,dx351yqj,6202,nzelreqp,
98,[jp]アキラ (Akira),6203,w89rwelk,2017-02-22T13:48:28Z
99,qjnz771j,6205,w89rwelk,2020-12-18T08:13:58Z
100,[jp]Melty,6206,w89rwelk,2024-08-07T11:48:28Z
100,8enge328,6206,w89rwelk,2025-06-05T13:42:00Z
102,dx35yzej,6207,w89rwelk,2024-09-05T06:35:04Z
102,pj0vn53x,6207,w89rwelk,2025-05-03T09:26:13Z
104,8gr94w1x,6208,w89rwelk,2022-02-23T23:42:12Z
105,8r7412qj,6209,w89rwelk,2025-04-06T16:43:41Z
106,[jp]でさんと (Descente),6210,w89rwelk,2019-03-17T03:04:04Z
106,48gqo07j,6210,w89rwelk,2021-08-08T21:22:55Z
106,qjo3kk7j,6210,w89rwelk,2023-11-04T18:47:04Z
109,o86nzl0x,6212,w89rwelk,2020-08-31T22:05:01Z
109,kjpoery8,6212,w89rwelk,2022-06-17T08:25:19Z
109,jo30mmnj,6212,w89rwelk,2025-05-16T00:22:12Z
112,pj0zm38w,6216,w89rwelk,2024-10-26T05:14:03Z
113,pj0e6nm8,6217,nzelreqp,2024-05-04T08:44:56Z
114,j2w1w5lj,6222,w89rwelk,2025-04-20T04:28:05Z
115,qjo2pq38,6227,w89rwelk,2015-01-28T18:51:49Z
115,qxk241kx,6227,w89rwelk,2024-05-30T13:50:01Z
117,8e6k1loj,6228,w89rwelk,2025-04-14T18:08:47Z
118,qjoe6e86,6232,w89rwelk,2021-09-04T17:35:29Z
118,j4rg3z58,6232,w89rwelk,2025-06-12T03:40:36Z
120,dx39wqxl,6233,nzelreqp,
121,48gryyxp,6235,w89rwelk,2016-09-14T22:27:15Z
121,5j52dgqj,6235,w89rwelk,2024-09-30T16:52:36Z
123,8ek14278,6238,w89rwelk,2025-01-23T17:41:26Z
124,[us]Deftek,6240,w89rwelk,2015-01-07T22:46:28Z
125,0jm36qe8,6248,w89rwelk,2021-03-13T10:01:17Z
125,kjpqyw0x,6248,w89rwelk,2023-04-27T14:37:39Z
127,86nqn6wx,6253,w89rwelk,2024-12-01T13:41:13Z
128,kj9vd9ox,6256,w89rwelk,2019-11-29T19:45:30Z
129,98ryllqj,6260,nzelreqp,2023-12-13T20:49:44Z
130,kj9z6pn8,6262,w89rwelk,2024-07-23T23:06:02Z
131,v81q6w3j,6268,w89rwelk,2020-07-10T15:49:00Z
132,[jp]Hayato,6269,w89rwelk,2017-05-04T08:26:00Z
133,1xyprdvx,6280,w89rwelk,2024-07-08T19:18:11Z
133,xko59n68,6280,w89rwelk,2025-03-25T13:34:53Z
135,816nqwqx,6282,w89rwelk,2025-04-08T19:02:28Z
136,x35r767j,6283,w89rwelk,2021-09-18T23:59:49Z
136,qxkvqp2j,6283,w89rwelk,2022-04-25T08:14:18Z
138,j0nv6wm8,6284,w89rwelk,2024-09-03T12:35:41Z
139,qxkovg98,6285,w89rwelk,2015-04-18T05:23:37Z
139,68wwn48g,6285,w89rwelk,2017-05-20T11:05:15Z
141,xz27v1nx,6287,w89rwelk,2024-12-11T02:29:49Z
141,xzlq0er8,6287,w89rwelk,2025-06-17T06:52:56Z
143,v810d5rx,6288,w89rwelk,2024-07-04T17:36:17Z
144,xz79p1nj,6289,w89rwelk,2023-02-05T16:05:12Z
145,[jp]はちみつ (Honey),6291,w89rwelk,
146,18ql07jn,6296,w89rwelk,2014-12-24T07:05:00Z
146,xz2z23ex,6296,w89rwelk,2024-12-10T01:44:37Z
146,8lpgwllj,6296,w89rwelk,2025-02-28T23:19:31Z
149,j26d1ynx,6306,w89rwelk,2022-06-02T12:13:57Z
150,pj06y3jw,6309,w89rwelk,2021-02-04T03:54:41Z
151,qjo1ovnx,6310,nzelreqp,2022-11-17T09:36:15Z
152,x3q4rqqj,6311,w89rwelk,2024-11-08T21:59:28Z
153,98rky4qx,6316,nzelreqp,2024-08-06T23:50:57Z
154,18q3r20j,6317,w89rwelk,2017-08-27T21:54:38Z
155,y8dw9zgj,6318,w89rwelk,2017-04-27T00:25:12Z
156,8rpwpnqj,6326,w89rwelk,2024-06-22T04:28:31Z
157,y8dg7l86,6327,w89rwelk,
158,0jmvmzj1,6328,w89rwelk,2019-09-01T09:01:26Z
159,98r5d3wx,6329,w89rwelk,2021-12-11T16:37:57Z
159,y8dz54gj,6329,w89rwelk,2024-07-24T23:57:27Z
161,qj25v3lj,6331,w89rwelk,2020-01-10T22:59:47Z
161,qj2eenjk,6331,nzelreqp,2020-09-29T18:40:47Z
163,zxzl7508,6334,w89rwelk,2023-01-21T05:19:30Z
164,7j41p5j1,6337,w89rwelk,2020-09-22T05:04:17Z
165,kj9pq2ox,6338,w89rwelk,2021-09-26T20:39:50Z
166,o862d3xz,6339,w89rwelk,2019-05-06T05:51:07Z
167,8ge2ee2j,6349,w89rwelk,2023-01-29T07:21:11Z
168,Hampern,6352,w89rwelk,
169,8g5772rj,6354,w89rwelk,2024-03-24T17:57:56Z
170,48g0d97x,6356,w89rwelk,2021-10-30T04:33:22Z
171,jmpp51ej,6357,w89rwelk,2023-06-18T19:32:51Z
172,qj2pngn8,6358,w89rwelk,2019-06-26T10:45:08Z
172,e8ezrq68,6358,w89rwelk,2023-08-03T23:36:31Z
174,[jp]こど (Codo),6359,w89rwelk,2017-08-22T18:47:52Z
175,jo3r970j,6360,w89rwelk,2022-11-30T16:12:27Z
176,68w040qj,6367,w89rwelk,2021-04-12T07:25:37Z
177,kjp6pz58,6368,w89rwelk,2017-06-09T07:15:40Z
177,kj95gwo8,6368,w89rwelk,2018-03-13T05:19:13Z
179,8rpv21dj,6369,w89rwelk,2022-07-15T00:36:03Z
180,jo1o36nx,6373,w89rwelk,2025-06-02T09:36:51Z
181,1xy5r7w8,6376,w89rwelk,2022-07-18T19:45:25Z
182,zxzn5rex,6377,w89rwelk,2019-07-12T02:41:40Z
183,18vpmn8l,6379,w89rwelk,2017-08-28T03:13:12Z
183,5j5097nx,6379,w89rwelk,2023-06-17T09:33:56Z
185,qjo9ypnj,6380,nzelreqp,2021-06-03T16:35:00Z
186,v8159vlj,6381,w89rwelk,2024-01-29T04:35:56Z
187,xk4g0m9j,6384,w89rwelk,2023-01-20T00:56:59Z
188,8qz5n7q8,6386,w89rwelk,2023-03-20T14:52:55Z
189,zx7gkrx7,6393,w89rwelk,2022-06-20T05:39:18Z
189,xkpgw42j,6393,w89rwelk,2024-11-09T15:07:14Z
191,8g5y277j,6399,w89rwelk,2023-06-11T09:16:43Z
191,8w139m3x,6399,w89rwelk,2024-08-04T22:20:06Z
193,18vmme8l,6411,w89rwelk,
194,qjnw4rdj,6412,w89rwelk,2024-03-23T12:46:22Z
195,zxzn3w9x,6413,w89rwelk,2023-02-24T01:01:53Z
196,8geo5gpj,6414,w89rwelk,2022-01-12T18:13:34Z
197,kj93d27j,6416,w89rwelk,2020-09-03T11:50:34Z
198,5j5qzewj,6418,w89rwelk,2025-06-01T00:04:42Z
199,86v9945j,6419,w89rwelk,2024-02-25T01:38:52Z
200,kj9z6w84,6422,w89rwelk,2020-07-29T17:02:04Z
201,68w134xg,6424,w89rwelk,2016-07-01T05:04:25Z
201,v8lz34xm,6424,w89rwelk,2017-02-28T04:55:27Z
203,zx7zw1r8,6427,w89rwelk,2022-06-01T04:36:08Z
204,x354692j,6435,w89rwelk,2022-07-22T06:11:34Z
205,[jp]平ボム (Hirabomb),6436,w89rwelk,
206,zxz67wn8,6437,w89rwelk,2024-08-04T08:42:36Z
207,v819rrxp,6446,w89rwelk,2022-02-27T06:29:43Z
208,5j594e6x,6447,w89rwelk,2021-04-08T12:46:12Z
209,zx7qg1y8,6451,w89rwelk,2022-08-10T01:41:45Z
210,8v57kgvj,6454,w89rwelk,2024-12-20T13:03:17Z
211,qxkmn26j,6460,w89rwelk,2021-12-27T16:43:51Z
211,j5vzy0n8,6460,w89rwelk,2025-04-16T21:14:06Z
213,zx73n50j,6461,w89rwelk,2023-07-08T10:54:02Z
213,j20qnrlx,6461,w89rwelk,2024-08-19T03:42:39Z
215,qj2yvm78,6462,w89rwelk,2023-11-04T22:15:51Z
216,kjpmy0jq,6463,w89rwelk,2021-08-31T07:31:46Z
217,[jp]Teguru,6466,w89rwelk,2018-09-19T20:56:07Z
217,1xy5vzy8,6466,w89rwelk,2019-04-04T15:54:34Z
217,18vkpmej,6466,w89rwelk,2022-06-07T07:24:25Z
220,j2636gox,6471,w89rwelk,2023-07-21T17:26:40Z
220,8lr5gl78,6471,w89rwelk,2024-07-30T22:04:39Z
222,y8d4po86,6472,w89rwelk,
222,zx7yqrx7,6472,w89rwelk,2025-05-29T17:53:28Z
224,zxzqlnrx,6473,w89rwelk,2024-12-26T13:47:25Z
225,zx7nlkq8,6474,w89rwelk,2022-03-06T13:32:53Z
225,68wg36qx,6474,w89rwelk,2025-03-24T12:22:02Z
227,zxze2zex,6478,w89rwelk,2021-03-19T11:21:06Z
227,8dw231lj,6478,w89rwelk,2023-06-26T13:37:50Z
229,y8dwdegj,6481,w89rwelk,2017-05-29T04:37:41Z
229,xko6o278,6481,w89rwelk,2024-07-11T22:52:59Z
231,48gkmp2j,6483,w89rwelk,2021-12-29T06:07:28Z
231,j4232gmx,6483,w89rwelk,2024-02-25T00:58:02Z
233,xzlelze8,6490,w89rwelk,2024-07-09T12:55:47Z
234,68wegq8g,6491,w89rwelk,2017-03-14T05:07:54Z
235,qjok7l78,6494,w89rwelk,2022-05-30T22:38:39Z
236,kjppl92j,6500,w89rwelk,2018-04-09T17:34:02Z
236,18qrd50j,6500,w89rwelk,2024-05-17T10:10:56Z
238,8r7eqr6j,6501,w89rwelk,2024-12-08T19:02:03Z
239,48gem41j,6505,w89rwelk,2015-09-09T18:03:15Z
240,xkm3lk7j,6508,w89rwelk,2023-02-22T07:07:20Z
241,8v55qvej,6509,w89rwelk,2022-08-01T00:38:22Z
242,qxkrpqm8,6514,w89rwelk,2024-08-30T09:20:52Z
242,j9v2rgox,6514,w89rwelk,2024-11-08T00:29:03Z
244,0jmw6wex,6515,w89rwelk,2025-02-24T01:24:32Z
245,8qrrp27j,6518,w89rwelk,2025-01-11T09:19:15Z
246,8dw9onoj,6523,w89rwelk,2025-03-10T07:21:34Z
247,18qowewj,6525,w89rwelk,2021-12-18T12:10:45Z
247,8wlk4n4j,6525,w89rwelk,2023-02-25T03:00:06Z
249,qj2pr078,6531,w89rwelk,2023-08-17T02:05:31Z
250,Balls Out,6538,w89rwelk,
251,8vkn1mnj,6543,w89rwelk,2023-09-09T13:20:23Z
252,e8eepzo8,6544,nzelreqp,
253,j519wqn8,6548,nzelreqp,2024-01-15T04:35:49Z
254,98r2l63x,6549,w89rwelk,2017-05-05T09:17:29Z
255,1xyky4n8,6551,w89rwelk,2021-10-19T01:16:27Z
256,xkmnnmmj,6555,w89rwelk,2025-03-14T18:47:08Z
257,7j47lplj,6557,w89rwelk,2019-12-22T17:48:40Z
258,81qg7ylj,6561,w89rwelk,2024-03-23T12:47:52Z
259,xylw0wmj,6563,w89rwelk,2024-02-25T21:54:11Z
260,zx7dpyx7,6566,w89rwelk,
261,48gr9rpx,6567,w89rwelk,
262,1xyo90yj,6568,nzelreqp,2023-01-18T07:48:34Z
262,joo3093j,6568,w89rwelk,2025-05-24T17:40:48Z
264,86nnlvqx,6569,w89rwelk,2024-05-26T13:31:44Z
264,864vnd5j,6569,w89rwelk,2025-05-18T14:12:51Z
266,pj0ke0m8,6572,w89rwelk,2020-11-22T10:49:58Z
266,e8evzg7x,6572,w89rwelk,2023-02-02T16:30:40Z
268,kj9rv7j4,6573,w89rwelk,2015-07-08T11:25:04Z
268,8lpl934j,6573,w89rwelk,2023-07-31T23:45:07Z
270,18vo42xl,6574,w89rwelk,2014-12-24T07:11:47Z
270,8e6qyddj,6574,w89rwelk,2024-08-12T21:15:48Z
272,e8e9ze2j,6575,w89rwelk,2016-05-25T22:48:39Z
272,v8l732jm,6575,w89rwelk,2017-01-31T20:06:08Z
274,e8ewrz78,6578,w89rwelk,2023-12-19T16:23:59Z
275,8l3ldyl8,6579,w89rwelk,2024-03-11T14:05:36Z
276,qxk4q47j,6580,w89rwelk,2020-08-07T13:18:01Z
276,x3p4pyk8,6580,nzelreqp,2025-01-10T22:40:06Z
278,[jp]れいる (Reil),6582,w89rwelk,2023-09-27T00:22:15Z
278,98r2y03x,6582,w89rwelk,2019-08-07T00:39:50Z
280,y8dw0vgj,6584,w89rwelk,2017-04-05T17:12:43Z
280,y8d4ng86,6584,w89rwelk,2020-01-23T06:32:18Z
282,[jp]C.R.H,6587,w89rwelk,2018-03-23T12:38:56Z
282,48goorxp,6587,w89rwelk,2024-01-15T02:14:14Z
284,[jp]えるも (Erumo),6589,w89rwelk,2017-03-13T09:36:43Z
285,qjo26208,6592,w89rwelk,2017-11-22T00:30:24Z
286,8qz4y5o8,6594,w89rwelk,2023-05-26T02:35:49Z
286,o86m9k0j,6594,w89rwelk,2024-07-18T23:54:53Z
288,e8e6k12j,6595,w89rwelk,2017-07-01T07:16:48Z
289,1xy06qnj,6596,w89rwelk,2019-05-07T22:13:22Z
290,dx307r6x,6597,w89rwelk,2021-06-22T23:59:38Z
291,[jp]サスライノぷぅ (Sasurainopū),6598,w89rwelk,2015-09-23T18:27:09Z
291,v81gypl8,6598,w89rwelk,2023-12-04T05:21:40Z
293,[jp]ryou,6599,w89rwelk,
293,xz9k6ye8,6599,w89rwelk,2023-09-27T00:17:14Z
293,48gyr78p,6599,w89rwelk,2019-01-29T21:04:36Z
293,zxz1vorj,6599,w89rwelk,2023-05-03T13:54:18Z
293,pj0322mj,6599,nzelreqp,2023-11-26T22:36:07Z
298,qj26nnnx,6606,w89rwelk,2020-05-11T00:15:34Z
299,j51r39z8,6607,w89rwelk,2025-05-22T07:04:05Z
300,zx75q087,6608,w89rwelk,2020-05-13T13:44:21Z
301,18q3o2oj,6613,w89rwelk,2017-11-21T04:55:14Z
302,dx35qr2j,6618,w89rwelk,2020-05-02T15:01:58Z
302,x3w377ej,6618,w89rwelk,2024-03-02T00:20:07Z
302,y8dkzmgj,6618,w89rwelk,2025-02-20T21:03:01Z
305,j5v799w8,6624,w89rwelk,2023-05-13T08:17:05Z
306,18v2l4ej,6640,w89rwelk,2021-08-17T09:27:15Z
307,jn37ppdx,6643,w89rwelk,2023-04-13T07:05:59Z
308,jmzm5yyx,6648,w89rwelk,2024-08-19T02:46:02Z
309,zx7dz1vx,6652,w89rwelk,2025-05-24T11:17:58Z
310,jp6ed5k8,6663,w89rwelk,2025-01-23T23:10:31Z
311,8w1wp94x,6664,w89rwelk,2022-02-05T08:04:49Z
312,xyqe9ly8,6667,w89rwelk,2024-08-04T23:39:32Z
313,18vomvxl,6668,w89rwelk,2017-05-01T07:16:12Z
313,8w1rr94x,6668,w89rwelk,2024-07-28T06:07:36Z
315,0jmn1vnx,6669,w89rwelk,2024-04-19T00:13:09Z
316,0jmvr1yj,6674,w89rwelk,2022-05-29T20:10:24Z
317,zxzn5q4x,6675,w89rwelk,2021-05-09T20:57:24Z
318,qj2367xk,6680,w89rwelk,2017-08-23T14:46:09Z
319,8w12vnqx,6681,w89rwelk,2023-03-21T05:35:16Z
320,zx72o068,6686,w89rwelk,2017-08-08T08:16:53Z
320,zx762vj7,6686,w89rwelk,2024-01-25T17:48:24Z
322,86vwom0j,6691,w89rwelk,2021-09-02T16:58:38Z
323,j92p9yr8,6697,w89rwelk,2025-06-08T14:32:12Z
324,qjnp448m,6706,w89rwelk,2024-02-11T03:51:39Z
325,98rp3q6j,6707,nzelreqp,2015-08-23T15:23:29Z
326,8end5g78,6712,w89rwelk,2023-07-30T10:48:47Z
327,qjopvonx,6713,nzelreqp,2022-03-06T07:56:38Z
328,qjoddd3x,6715,w89rwelk,2021-04-14T20:21:44Z
329,qj26mlxk,6716,w89rwelk,2017-03-21T08:45:03Z
330,x76047vj,6720,w89rwelk,2024-07-07T11:54:28Z
331,8ek64w68,6725,w89rwelk,2024-08-07T13:56:43Z
332,o863r08z,6732,w89rwelk,
333,jnz2ykqj,6740,w89rwelk,2023-01-12T21:55:16Z
334,8vo90m5x,6747,w89rwelk,2023-06-25T18:24:34Z
334,8l33gm28,6747,w89rwelk,2025-01-26T08:12:44Z
336,j92132o8,6750,w89rwelk,2024-01-21T17:22:44Z
336,8rperewj,6750,w89rwelk,2024-07-27T06:35:30Z
338,Jiano,6757,nzelreqp,
339,kj90nrj4,6758,nzelreqp,2021-06-03T18:50:23Z
340,[jp]シゲル (Shigeru),6760,w89rwelk,
341,48g03yxp,6765,w89rwelk,2016-09-16T21:44:18Z
342,[jp]TAKEN,6766,w89rwelk,2018-03-23T12:45:48Z
343,863d55q8,6767,w89rwelk,2025-05-04T08:21:55Z
344,zx7gw1rx,6770,w89rwelk,2023-11-15T03:00:10Z
345,8ge9k0rj,6776,w89rwelk,2021-05-26T05:24:00Z
346,jmor1yo8,6777,w89rwelk,2024-08-19T07:16:47Z
347,y8d4dk58,6778,w89rwelk,2019-03-29T17:27:30Z
348,7j4qr2mx,6780,w89rwelk,2018-03-23T12:44:16Z
349,qjn5rg1j,6781,w89rwelk,2025-05-28T18:49:23Z
350,zxzzzrxq,6790,w89rwelk,2021-04-01T08:34:31Z
351,48g7gd18,6791,w89rwelk,2023-06-17T13:10:34Z
351,o863zoq8,6791,w89rwelk,2024-10-30T01:50:20Z
353,pj0eny48,6798,w89rwelk,2023-04-01T10:58:28Z
354,v8l0ogl8,6799,w89rwelk,2023-10-10T07:36:01Z
355,j0vkm73x,6801,w89rwelk,2024-07-24T04:10:04Z
356,y8dgeo86,6804,w89rwelk,2015-03-23T04:38:39Z
357,qjn9dwxm,6805,nzelreqp,2016-06-01T03:23:55Z
358,8g5egl1j,6808,w89rwelk,2023-05-01T07:01:13Z
359,0jmpgoj1,6811,nzelreqp,2015-01-16T04:10:32Z
360,8l00pll8,6817,w89rwelk,
361,v8lgq7jm,6818,w89rwelk,
361,zxzqrw4x,6818,w89rwelk,2025-04-01T02:11:08Z
363,1xyqnov8,6820,w89rwelk,2023-02-14T21:41:00Z
363,8vo9o92x,6820,w89rwelk,2024-07-15T20:56:07Z
365,8gr1ld7x,6826,w89rwelk,2021-10-09T03:20:45Z
366,18vyq58l,6827,w89rwelk,2016-04-21T13:32:55Z
367,o864qpjz,6828,w89rwelk,2016-02-29T23:11:10Z
367,8gee7n7j,6828,w89rwelk,2021-11-22T17:14:53Z
367,8l05yv48,6828,w89rwelk,2024-12-29T23:51:46Z
370,8eeeov68,6831,w89rwelk,2024-02-26T23:37:21Z
371,j4q7oqwx,6834,w89rwelk,2024-07-26T16:45:17Z
372,98rv2rdj,6837,w89rwelk,2021-04-18T17:29:24Z
372,y8dwq59j,6837,w89rwelk,2024-02-05T03:18:16Z
374,xz0v26e8,6838,w89rwelk,2024-12-29T17:25:28Z
375,xkoo67k8,6843,w89rwelk,2024-05-14T23:54:36Z
376,qxkpnmj0,6848,w89rwelk,2025-02-22T12:22:25Z
377,zx73kqj7,6849,w89rwelk,2015-07-17T15:38:19Z
378,[jp]せせらぎ (Seseragi),6859,w89rwelk,
379,86vp263j,6860,w89rwelk,2023-07-22T16:28:34Z
380,qjooqd0j,6862,w89rwelk,2017-10-23T03:43:21Z
381,7j420lwx,6868,w89rwelk,2021-03-25T20:25:09Z
382,x353emej,6872,w89rwelk,2022-08-11T12:37:22Z
383,[jp]エアリア (Area),6875,w89rwelk,
384,j067dn4j,6876,w89rwelk,2024-08-02T04:26:27Z
385,8rpq26dj,6878,nzelreqp,2023-06-25T15:33:46Z
386,o86z710x,6881,w89rwelk,2023-12-10T02:41:23Z
387,o86owz08,6882,w89rwelk,2023-05-10T14:45:05Z
388,[jp]白井 (Shirai),6886,w89rwelk,
388,8w1wng4x,6886,w89rwelk,2024-07-22T19:50:22Z
390,7j4mzd5j,6891,w89rwelk,2021-10-21T16:51:42Z
391,Biasenti,6896,nzelreqp,2016-06-25T14:46:42Z
391,8v2p7gnj,6896,w89rwelk,2024-01-06T10:23:04Z
393,8r2qg93x,6899,w89rwelk,2024-03-11T15:36:33Z
394,[jp]ハコ (Hako),6900,w89rwelk,2016-03-20T18:53:06Z
394,qjnzw04j,6900,w89rwelk,2018-04-06T20:15:52Z
396,1xy9r4yj,6902,w89rwelk,2023-12-31T09:48:17Z
397,jo35yn7j,6906,nzelreqp,2022-11-26T10:44:08Z
397,pj0z4m98,6906,nzelreqp,2023-06-10T02:59:53Z
399,tx360mario,6908,w89rwelk,
400,8wl1094j,6910,nzelreqp,2024-03-19T22:25:57Z
401,xyovd1nj,6914,w89rwelk,2024-07-30T04:40:03Z
402,qjoyg3x6,6919,w89rwelk,
403,qxkm4m6j,6924,w89rwelk,2019-09-29T20:29:29Z
403,jnp1zz18,6924,7m6ylw9p,2024-09-06T01:25:48Z
405,8looznr8,6926,w89rwelk,2025-03-23T05:25:29Z
406,kjpk4kxq,6934,w89rwelk,
407,v8lez14x,6938,w89rwelk,
408,86nk3mpx,6943,w89rwelk,2024-08-07T01:04:33Z
409,o866w58z,6946,w89rwelk,
410,qjn2mw1j,6947,w89rwelk,2021-02-23T13:38:40Z
411,v81100p8,6956,w89rwelk,2024-08-05T21:24:47Z
412,qxkovr28,6958,w89rwelk,2022-06-04T05:36:20Z
413,pj0pe9xw,6960,w89rwelk,2017-05-18T18:53:26Z
413,jo3w720j,6960,w89rwelk,2024-07-10T20:10:29Z
415,j03np23j,6969,w89rwelk,2023-09-25T04:07:44Z
415,8vk60z5j,6969,w89rwelk,2024-04-28T23:59:20Z
417,jprppv28,6975,w89rwelk,2022-07-07T23:02:00Z
418,8l0oq578,6977,w89rwelk,2021-05-14T04:27:40Z
419,dx3wpl2j,6980,w89rwelk,2020-07-15T00:42:46Z
420,qj22wwpj,6985,w89rwelk,2023-06-28T20:20:12Z
421,0jm6gn81,6986,w89rwelk,2015-05-19T20:46:42Z
422,8rp1w6dj,6987,w89rwelk,2021-05-01T18:47:01Z
423,zx7w5y87,6990,w89rwelk,
424,qj2q6doj,6992,w89rwelk,2022-07-01T12:54:37Z
425,8r3rzrq8,6995,w89rwelk,2025-04-14T09:45:46Z
426,68w672qj,6996,w89rwelk,2021-07-01T02:25:33Z
427,7j4rz5m8,6998,w89rwelk,2024-04-20T23:15:53Z
428,dx3w7r7j,7013,w89rwelk,2024-08-12T19:58:29Z
429,zx71oy0x,7025,w89rwelk,2023-10-16T00:03:35Z
430,j0324nmj,7026,w89rwelk,2022-11-27T05:05:48Z
431,o86nn7qx,7029,w89rwelk,2016-06-25T12:27:27Z
431,jn9qe22x,7029,w89rwelk,2023-10-09T20:15:27Z
433,v8lyv4jm,7032,w89rwelk,2020-07-12T23:36:35Z
433,81qn9n5j,7032,w89rwelk,2024-08-08T04:07:54Z
435,7j4975w8,7036,w89rwelk,2017-05-28T14:25:44Z
435,x72zygq8,7036,w89rwelk,2024-07-11T07:18:02Z
437,e8el6oj0,7039,w89rwelk,
438,18v3pdyx,7041,nzelreqp,2024-05-18T13:25:19Z
439,[jp]鳩ぽっぽ (Hatopoppo),7047,w89rwelk,
439,qjn3my2x,7047,w89rwelk,2023-06-02T01:25:46Z
441,8q3lvp7j,7048,w89rwelk,2024-01-29T02:48:30Z
442,j2y2wmn8,7051,w89rwelk,2024-05-01T18:58:09Z
443,y8d95gox,7053,w89rwelk,2023-07-28T05:10:04Z
444,kjp9nvk8,7054,w89rwelk,2023-07-30T03:44:38Z
445,[jp]うひー (Why),7056,w89rwelk,
446,8v6rq1vx,7057,w89rwelk,2022-11-04T03:16:48Z
447,zx7vky6x,7063,w89rwelk,2015-09-23T18:46:55Z
447,8e6nykoj,7063,w89rwelk,2022-01-20T01:54:42Z
447,xz74z9rj,7063,w89rwelk,2024-07-21T22:04:53Z
450,Saellan,7066,w89rwelk,
451,814de1p8,7067,w89rwelk,2024-05-17T02:10:36Z
452,zx72k4r8,7069,nzelreqp,2018-10-26T07:21:06Z
453,v815l1lj,7071,w89rwelk,2023-01-13T04:19:05Z
454,18veed2j,7073,nzelreqp,2025-06-11T06:33:58Z
455,dx35v6ej,7076,w89rwelk,2020-11-22T09:57:01Z
456,5j5gwr68,7077,w89rwelk,2022-07-30T09:10:46Z
457,18q652oj,7079,w89rwelk,2022-06-18T07:41:26Z
458,kjp4g4jq,7083,nzelreqp,2021-05-10T14:49:48Z
459,p18vz2jl,7084,w89rwelk,2023-02-14T20:46:07Z
459,xyovdowj,7084,w89rwelk,2024-02-25T18:11:30Z
461,8l4vq1lj,7086,w89rwelk,2024-03-28T19:45:45Z
462,v81q7ljp,7092,w89rwelk,
463,qxknvr7x,7093,w89rwelk,2021-07-01T21:30:53Z
464,8r7ewpwj,7094,w89rwelk,2025-06-02T03:01:09Z
465,8qrldp7j,7097,w89rwelk,2023-04-26T05:14:02Z
465,81q1oq5j,7097,w89rwelk,2024-08-09T09:09:31Z
467,qj26qnxk,7098,w89rwelk,
468,qj26pqnx,7099,w89rwelk,
469,8g0yzd1x,7100,w89rwelk,2024-08-12T21:57:30Z
470,j92d9do8,7101,w89rwelk,2023-06-19T17:04:46Z
471,48gmdo78,7102,w89rwelk,2023-01-11T23:31:26Z
472,x7qoekq8,7104,w89rwelk,2025-01-25T15:03:23Z
473,xy5k45v8,7105,nzelreqp,2025-05-15T02:12:03Z
474,pj0v90mx,7106,w89rwelk,2021-07-03T05:01:39Z
475,18vk3zej,7107,w89rwelk,2024-12-30T23:22:54Z
476,98r6vmg8,7108,nzelreqp,2024-05-14T21:27:21Z
477,xyovelwj,7110,v06dr394,2024-07-07T19:37:29Z
478,86vm37pj,7111,w89rwelk,2022-02-22T03:06:38Z
479,zx7qg687,7113,nzelreqp,
480,7j4q7emx,7115,w89rwelk,2024-12-23T21:57:15Z
481,qjod06nx,7116,w89rwelk,2022-01-11T03:53:25Z
482,qj200q6x,7117,w89rwelk,2023-03-27T01:09:50Z
483,7j4nrodx,7120,nzelreqp,2024-06-20T12:16:23Z
484,zx70qm0j,7121,w89rwelk,2020-05-21T14:01:27Z
485,8r36epq8,7122,w89rwelk,2024-08-01T21:53:49Z
486,8r7nmpqj,7123,w89rwelk,2024-08-19T06:49:04Z
487,8vkkkz5j,7125,w89rwelk,2022-07-15T10:26:25Z
488,j2wlm4pj,7128,w89rwelk,2022-07-28T20:55:38Z
489,8e9o1w6j,7129,w89rwelk,2021-10-08T05:31:23Z
490,Senti,7131,w89rwelk,
490,xz7n0vnj,7131,w89rwelk,2021-11-16T22:43:17Z
492,jmp1ddzj,7133,w89rwelk,2024-12-30T23:33:38Z
493,7j44olj1,7135,nzelreqp,2023-05-15T06:03:40Z
494,18qnw78n,7136,w89rwelk,2015-09-18T15:48:26Z
495,81qw4wpj,7137,w89rwelk,2024-07-25T03:07:15Z
496,xz9o5508,7138,w89rwelk,2023-07-28T15:45:58Z
497,dx3rzz2x,7140,w89rwelk,2019-03-12T04:44:25Z
498,j2yqgyo8,7141,w89rwelk,2024-12-07T02:27:57Z
499,Galax,7145,w89rwelk,
500,Zack7cloud,7146,w89rwelk,2016-06-25T12:33:15Z
500,8rm20ewj,7146,w89rwelk,2024-11-15T18:15:53Z
502,pupple816,7147,w89rwelk,
503,8dg3z6o8,7148,w89rwelk,2024-08-12T17:42:59Z
504,8d4egv98,7151,w89rwelk,2022-04-13T20:20:56Z
504,j0w3r0w8,7151,w89rwelk,2024-05-22T01:12:59Z
504,xy51z1v8,7151,w89rwelk,2024-11-13T03:54:30Z
507,v48g37xp,7153,w89rwelk,2015-09-23T18:49:31Z
508,1xy176zx,7154,w89rwelk,2024-08-03T21:46:53Z
509,5j5de9n8,7159,nzelreqp,2021-12-02T11:06:18Z
509,8e9nqd2j,7159,w89rwelk,2024-01-08T12:35:03Z
509,j5q6q5gj,7159,w89rwelk,2025-03-06T19:45:29Z
509,qjooplj6,7159,w89rwelk,
513,v8lld2l8,7160,w89rwelk,2024-07-05T12:36:21Z
514,qjn997dx,7164,w89rwelk,2019-05-13T21:40:43Z
514,y8dg3n98,7164,w89rwelk,2024-01-01T16:34:26Z
516,o86q79qx,7165,w89rwelk,2020-03-01T19:53:17Z
516,kjpmk5jq,7165,w89rwelk,2020-05-09T05:27:49Z
518,o86neqxz,7166,w89rwelk,2021-04-11T03:41:45Z
518,j0w19ym8,7166,w89rwelk,2025-04-14T05:11:45Z
520,qjoon7j6,7167,w89rwelk,2015-08-23T00:29:33Z
521,Iint,7168,nzelreqp,2016-07-01T14:52:24Z
522,863k2ww8,7170,w89rwelk,2023-07-30T21:31:53Z
523,zx7d74vx,7172,w89rwelk,2021-03-02T05:17:42Z
524,8dw4e5lj,7175,w89rwelk,2022-04-28T09:16:51Z
525,v8l04qv8,7179,w89rwelk,2021-01-26T04:29:39Z
526,18v3m25x,7181,w89rwelk,2021-02-01T09:01:55Z
527,8v55rmej,7182,w89rwelk,2020-05-17T01:04:44Z
527,xyrkgynj,7182,w89rwelk,2024-05-06T18:32:58Z
527,8dw9eqmj,7182,w89rwelk,2025-04-18T02:22:34Z
530,zxz9n948,7183,w89rwelk,2021-11-26T01:41:19Z
531,8lp3k07j,7184,w89rwelk,2024-01-21T23:19:45Z
531,jmomloe8,7184,nzelreqp,2024-05-05T22:16:35Z
533,e8e965pj,7188,w89rwelk,2017-03-19T03:01:05Z
533,kj96k9oj,7188,w89rwelk,2021-12-16T19:34:03Z
533,86n94m0x,7188,w89rwelk,2023-10-08T16:37:48Z
536,xk3md7m8,7189,w89rwelk,2024-07-03T23:40:33Z
537,MiracleTea,7190,w89rwelk,
538,jnzd1m1j,7192,w89rwelk,2023-04-04T00:31:54Z
539,qj233nxk,7194,w89rwelk,2021-07-31T18:46:39Z
540,18vn9m5j,7195,w89rwelk,2024-03-20T16:57:33Z
541,[jp]ZEOKU,7199,w89rwelk,
541,j4r5lm58,7199,w89rwelk,2022-07-20T05:43:38Z
541,e8e99opj,7199,w89rwelk,2023-05-17T16:15:49Z
541,[jp]おーる (All),7199,w89rwelk,
545,j2y0pkl8,7206,nzelreqp,2022-01-06T14:34:58Z
546,xz11dkej,7207,w89rwelk,2024-11-22T23:07:50Z
547,8rprrndj,7217,w89rwelk,2023-05-27T23:01:08Z
548,xylv12yj,7229,w89rwelk,2025-05-26T13:21:23Z
549,7j43q6w8,7231,w89rwelk,2022-12-12T02:40:22Z
550,Lilbrian,7233,w89rwelk,
551,o86npyqx,7240,v06dr394,2023-02-07T10:40:15Z
552,[jp]かずしボンバー (Kazushi-Bomber),7259,w89rwelk,
553,j96w46oj,7260,w89rwelk,2022-07-29T18:26:15Z
553,v811oml8,7260,w89rwelk,2024-01-29T05:43:48Z
555,jml6m9e8,7266,w89rwelk,2024-08-15T09:47:44Z
556,1xyozvjr,7277,nzelreqp,2022-05-26T05:42:06Z
557,v8lv6q7j,7278,w89rwelk,2020-12-30T16:02:20Z
558,jo326wlj,7286,w89rwelk,2020-04-14T02:52:29Z
559,qj2wpe6j,7291,w89rwelk,2024-07-31T06:06:34Z
560,v8l6lv8m,7299,w89rwelk,2016-06-22T17:57:35Z
561,zx7w10q8,7301,w89rwelk,2021-03-25T15:19:33Z
562,v813dylx,7302,w89rwelk,2018-10-03T22:02:42Z
563,zx76l0j7,7305,w89rwelk,2018-08-03T16:16:35Z
564,y8drkylx,7306,w89rwelk,2022-02-20T16:51:53Z
565,Gulmo,7317,w89rwelk,
566,qjny9d8m,7318,nzelreqp,2021-06-04T01:13:18Z
567,8e956npj,7319,w89rwelk,2021-01-27T00:53:27Z
567,8rle0nq8,7319,w89rwelk,2024-12-24T06:23:30Z
569,j4r4wqv8,7322,w89rwelk,2023-06-07T06:53:22Z
570,48gye018,7329,w89rwelk,2020-07-28T17:56:35Z
571,Sannitie,7341,w89rwelk,
572,j5w9kqwj,7361,w89rwelk,2021-10-21T22:49:45Z
573,863n3408,7362,w89rwelk,2024-07-08T14:09:53Z
574,jn29o0wj,7363,nzelreqp,2024-10-01T07:28:35Z
575,qxkm7g7j,7366,nzelreqp,2025-04-20T10:39:12Z
576,y8d1myg8,7367,w89rwelk,2023-04-16T08:16:11Z
577,8w1peq3x,7369,w89rwelk,2024-08-16T08:15:28Z
578,1xy2m3m8,7372,w89rwelk,2021-02-19T03:19:41Z
579,8r1p643j,7380,w89rwelk,2025-03-23T11:54:34Z
580,zx76zpvj,7381,w89rwelk,2024-07-21T22:33:07Z
581,8gezkw7j,7383,w89rwelk,2024-07-25T10:31:45Z
582,8vkp0nyj,7385,7m6ylw9p,2023-02-03T23:44:22Z
583,8en6qw68,7391,w89rwelk,2024-06-20T16:16:03Z
584,qxkm7mkj,7400,w89rwelk,2024-03-17T09:44:57Z
585,8rlr3pg8,7410,w89rwelk,2023-12-17T00:16:43Z
586,8gekp27j,7411,w89rwelk,2024-08-18T10:04:21Z
586,8l35dzl8,7411,w89rwelk,2024-11-21T11:31:13Z
588,x35dyv7j,7412,7m6ylw9p,2023-04-12T22:53:10Z
588,7j4dr45j,7412,w89rwelk,2023-06-11T21:04:03Z
590,zxzz24xq,7415,nzelreqp,2017-12-31T05:57:40Z
591,kj9novo8,7417,w89rwelk,2024-08-09T05:37:47Z
592,jpmgv4yj,7419,w89rwelk,2023-06-10T04:22:27Z
593,5j5zqzgj,7420,w89rwelk,2025-01-04T14:48:36Z
594,pj0y2m3x,7429,w89rwelk,2020-12-05T15:12:03Z
595,qxk4pmj0,7431,nzelreqp,2014-12-17T03:22:18Z
596,qxkppkkj,7443,w89rwelk,2024-08-18T18:31:58Z
597,8g5kr62j,7444,w89rwelk,2022-06-16T09:32:31Z
597,8q34l9oj,7444,w89rwelk,2025-05-11T04:09:42Z
599,1xy51wv8,7445,w89rwelk,2023-03-17T19:03:02Z
600,8r70g1wj,7448,w89rwelk,2024-07-10T16:48:06Z
601,dx3e5k7j,7456,w89rwelk,2024-10-25T18:32:40Z
602,8q5e4m78,7458,w89rwelk,2024-08-12T21:33:29Z
603,j9kv9vw8,7462,w89rwelk,2025-05-15T17:16:22Z
604,8167zk3x,7463,7m6ylw9p,2022-07-08T21:56:17Z
605,8qz5qoq8,7468,w89rwelk,2022-06-06T04:40:36Z
606,v81zwppj,7470,w89rwelk,2024-02-23T17:22:06Z
607,48g50rjp,7471,w89rwelk,
608,kjpge95j,7473,w89rwelk,2022-08-09T23:11:52Z
608,pj0n9438,7473,w89rwelk,2024-05-12T08:42:30Z
610,8rprpp3j,7474,w89rwelk,2023-07-31T19:52:03Z
611,86vwgo5j,7475,w89rwelk,2022-07-31T06:39:39Z
611,98r77gj1,7475,w89rwelk,2024-05-02T12:33:24Z
613,8l0q0k78,7477,w89rwelk,2022-04-28T23:58:29Z
614,zxz9pr98,7478,w89rwelk,2019-12-24T07:04:56Z
615,o86vrqpj,7482,w89rwelk,2022-09-28T08:53:26Z
616,18q5www8,7487,w89rwelk,2023-06-28T15:52:38Z
617,86vvqv0j,7496,w89rwelk,2022-07-03T23:45:51Z
618,jprg1g58,7498,w89rwelk,2025-04-25T15:44:36Z
619,8lomne48,7509,w89rwelk,2024-03-29T21:31:38Z
620,qjnrkvqx,7512,w89rwelk,2022-06-17T18:02:50Z
621,j067o23j,7517,w89rwelk,2025-05-19T21:18:16Z
622,x3q466ej,7519,w89rwelk,2023-12-04T03:49:35Z
623,8g2pmm1j,7527,w89rwelk,2025-06-15T23:51:04Z
624,zx76qy0j,7528,w89rwelk,2023-01-30T04:45:28Z
625,8e9ed3pj,7530,w89rwelk,2024-08-08T05:55:13Z
626,j52myw6j,7532,w89rwelk,2024-11-26T02:12:15Z
627,hassan_x,7536,w89rwelk,
628,j2wnprnj,7538,w89rwelk,2025-04-11T04:22:07Z
629,xy5vnwy8,7539,w89rwelk,2021-05-06T08:51:51Z
630,8v21mo5j,7543,w89rwelk,2024-02-29T03:36:41Z
631,8lr61378,7556,w89rwelk,2024-07-17T00:44:27Z
632,5j51568v,7557,nzelreqp,2017-02-08T14:26:46Z
632,y8dnypgj,7557,w89rwelk,2021-11-07T01:25:57Z
632,xzlp0448,7557,w89rwelk,2023-06-22T08:28:42Z
635,8dggvvo8,7565,w89rwelk,2024-07-15T00:09:34Z
636,TheNextGenPlayer,7568,w89rwelk,2016-06-25T12:53:31Z
636,xkow19k8,7568,w89rwelk,2024-08-13T14:04:57Z
638,x7qqopy8,7572,w89rwelk,2022-06-04T03:04:05Z
639,v8lk262x,7578,w89rwelk,2021-10-18T08:57:38Z
639,j964v0rj,7578,w89rwelk,2024-02-27T01:09:01Z
641,68wpoezx,7591,w89rwelk,2022-07-05T06:29:41Z
642,jml54z48,7596,w89rwelk,2024-01-25T22:21:46Z
643,8qrp9mdj,7597,w89rwelk,2022-09-21T03:20:32Z
644,qxk1nzmj,7605,nzelreqp,2024-07-10T23:32:44Z
645,x3mkq1e8,7608,w89rwelk,2025-02-21T18:09:22Z
646,v8lrgl8m,7612,w89rwelk,2016-06-25T11:48:52Z
647,18q21q78,7615,nzelreqp,2023-06-26T20:42:30Z
648,kjp4vnkj,7618,w89rwelk,2024-02-21T20:51:43Z
649,jn90dowx,7622,w89rwelk,2024-02-08T05:52:03Z
650,8d34ve5x,7623,w89rwelk,2023-07-19T15:34:14Z
651,Silvrsun,7624,w89rwelk,
652,Fergbot,7627,w89rwelk,
653,qjo2r086,7628,nzelreqp,2017-06-27T21:37:20Z
654,Dingosweets,7629,w89rwelk,
655,j52mydgj,7631,w89rwelk,2023-10-06T13:31:34Z
656,8loln748,7633,w89rwelk,2025-06-11T03:37:37Z
657,8qoz00qj,7640,w89rwelk,2024-10-25T23:23:36Z
658,8lpkvkrj,7643,w89rwelk,2022-08-01T01:41:46Z
659,8q5m1vw8,7651,w89rwelk,2025-05-27T16:29:33Z
660,18q03edj,7652,nzelreqp,2022-12-27T07:04:58Z
661,[jp]ショウ (Shō),7660,w89rwelk,
662,jmp0egej,7663,w89rwelk,2022-07-31T18:56:33Z
663,18vk1vej,7669,w89rwelk,2016-12-24T04:30:23Z
663,qj275v68,7669,7m6ylw9p,2024-08-22T19:32:20Z
665,68wzrnv8,7673,w89rwelk,2022-07-02T19:38:13Z
666,814oolp8,7674,w89rwelk,2023-03-28T06:17:47Z
666,j4r3l1v8,7674,w89rwelk,2025-01-06T22:00:47Z
668,7j4q67mx,7676,w89rwelk,2025-06-06T21:29:45Z
669,qj2z577j,7684,nzelreqp,2021-06-18T23:50:43Z
670,[jp]きよ (Kiyo),7688,w89rwelk,
671,Hurricanoscs,7689,w89rwelk,2016-07-01T14:02:03Z
671,kj92o5n8,7689,w89rwelk,2018-08-08T23:14:37Z
673,qjn6yzwx,7691,nzelreqp,2017-12-31T07:42:29Z
674,18v52d5j,7693,w89rwelk,2017-05-06T01:23:20Z
675,8q3dqn7j,7696,w89rwelk,2024-06-20T16:34:05Z
676,y8de2qgj,7699,w89rwelk,2019-06-22T14:47:13Z
677,8v211gyj,7702,w89rwelk,2024-07-19T16:32:09Z
678,joo4ykej,7714,w89rwelk,2023-07-06T21:15:09Z
679,zx7wg687,7721,nzelreqp,2021-05-09T22:18:47Z
679,8v52g92j,7721,w89rwelk,2023-12-27T19:22:07Z
681,98rp5w6j,7730,nzelreqp,2019-10-16T21:54:12Z
682,8wk3k038,7731,nzelreqp,2024-08-19T02:56:37Z
683,j4pvrd5j,7734,w89rwelk,2024-12-28T01:11:50Z
684,EnduroType,7735,w89rwelk,
684,pj0v4rxw,7735,w89rwelk,
686,98r5noqx,7736,w89rwelk,2024-05-02T21:46:20Z
687,48gdmy8p,7737,w89rwelk,2023-08-14T21:39:29Z
688,xko62d28,7747,w89rwelk,2022-02-23T03:06:11Z
689,xy5l09m8,7751,v06dr394,2021-11-04T22:08:33Z
690,kjp4zn4j,7759,w89rwelk,2020-08-13T06:12:51Z
691,TRV,7761,w89rwelk,
692,qxkdk36j,7770,w89rwelk,2022-06-19T01:13:56Z
693,8q3k40qj,7772,w89rwelk,2024-02-18T00:33:56Z
694,qjo210n8,7775,w89rwelk,2020-07-01T17:19:02Z
695,8647vrqj,7776,w89rwelk,2024-08-14T03:09:34Z
696,qxk4727j,7785,nzelreqp,2021-03-15T20:17:22Z
697,8161worx,7786,w89rwelk,2024-01-19T22:59:11Z
698,e8ekrvd8,7788,w89rwelk,
699,qjnp9rw8,7790,w89rwelk,2023-12-30T15:08:49Z
700,8d35ly5x,7791,w89rwelk,2023-07-29T22:11:24Z
701,48geze7j,7793,nzelreqp,2022-06-19T01:55:46Z
702,8l3rw0v8,7794,w89rwelk,2023-07-30T08:12:12Z
703,dx3ml28l,7800,w89rwelk,2025-04-22T00:42:32Z
704,qj25l5pj,7806,w89rwelk,2021-01-26T05:57:32Z
704,816q1yqx,7806,w89rwelk,2023-07-21T15:50:18Z
706,qj2m9kn8,7822,nzelreqp,2024-07-19T12:54:30Z
707,98rp4mqj,7828,w89rwelk,2023-03-03T11:45:47Z
708,qjo5z1n8,7829,w89rwelk,2025-06-01T23:42:40Z
709,j96o2drj,7832,w89rwelk,2022-06-06T23:55:15Z
710,qxk0w268,7836,nzelreqp,2023-08-12T20:11:19Z
711,xk43ovkj,7837,w89rwelk,2024-07-11T02:10:54Z
712,Dragorn,7840,w89rwelk,
713,jpr39708,7841,w89rwelk,2023-08-14T04:50:50Z
714,68wl3pzj,7847,w89rwelk,2024-01-05T09:03:29Z
715,48gev07j,7849,w89rwelk,
716,j0gnzymx,7856,w89rwelk,2024-11-23T22:46:00Z
717,48gmkn28,7857,w89rwelk,2024-11-27T04:00:46Z
718,qj2l0wpx,7858,w89rwelk,2022-06-03T20:16:41Z
719,8rprn7dj,7868,w89rwelk,2022-06-06T05:03:48Z
720,qxkgk49j,7874,nzelreqp,2020-05-21T20:42:03Z
721,jmo379n8,7885,w89rwelk,2022-05-13T20:35:44Z
722,qjomp63x,7905,w89rwelk,2022-12-11T19:13:40Z
723,y8dmyp98,7913,w89rwelk,2024-04-10T17:09:08Z
724,jo35vg3j,7918,w89rwelk,2024-06-30T15:46:19Z
725,18qrq47j,7935,w89rwelk,2016-11-25T02:31:05Z
726,kj9dm9ox,7937,w89rwelk,2022-08-03T20:10:28Z
727,stoneflower217,7958,w89rwelk,2024-03-22T00:17:01Z
728,18v9plnx,7963,w89rwelk,2019-06-23T06:32:32Z
729,98rplv6j,7966,w89rwelk,2016-05-09T16:55:39Z
730,jprd33y8,7975,w89rwelk,2023-03-31T20:41:38Z
731,8w0p244j,7976,w89rwelk,2024-10-31T19:29:34Z
732,j2wgk9pj,7980,w89rwelk,2024-02-12T13:04:02Z
733,NoraScrubChan,7982,w89rwelk,2020-06-09T19:39:16Z
734,o864w5jz,7984,w89rwelk,2024-01-22T04:49:57Z
735,zx7p656x,7986,w89rwelk,2020-05-31T01:40:37Z
736,xyl990vj,7989,w89rwelk,2023-07-10T09:27:21Z
736,kj952278,7989,nzelreqp,2024-03-26T23:43:15Z
738,xyrwkqwj,7990,w89rwelk,2022-06-08T07:10:53Z
739,98rp24qj,7995,w89rwelk,2016-08-29T14:46:28Z
740,xz9l5d08,7999,w89rwelk,2023-11-21T15:07:36Z
741,jmor35o8,8001,w89rwelk,2022-10-25T11:03:48Z
742,8v5nwrnj,8019,w89rwelk,2023-08-10T01:15:20Z
743,zx71l0yx,8020,w89rwelk,2020-06-13T21:31:15Z
743,qj234l7x,8020,w89rwelk,2022-03-06T22:11:26Z
745,1xyl2yjr,8024,w89rwelk,2023-06-14T08:46:56Z
746,Podz,8026,nzelreqp,2020-10-27T14:18:17Z
746,xkmk3q7j,8026,w89rwelk,2024-08-10T15:41:32Z
748,j0wnym48,8032,w89rwelk,2024-07-16T06:33:00Z
749,8ekzz3o8,8038,w89rwelk,2024-10-14T22:17:36Z
750,j9royowj,8044,w89rwelk,2025-04-06T10:39:00Z
751,j92w6pv8,8049,w89rwelk,2021-09-29T23:43:28Z
752,jp617508,8054,w89rwelk,2024-08-12T03:10:33Z
753,68wv613x,8056,w89rwelk,2023-03-22T04:08:05Z
753,8go3dv2x,8056,w89rwelk,2025-01-17T04:52:30Z
755,7j40yrl8,8061,w89rwelk,2018-02-01T11:00:36Z
756,kj9v47x4,8064,w89rwelk,2017-04-18T21:52:44Z
757,8v6g25yx,8066,7m6ylw9p,2022-06-11T16:47:51Z
758,qj23qnxk,8073,nzelreqp,2024-03-12T04:03:25Z
759,jnpp3z18,8075,nzelreqp,2024-07-23T03:25:09Z
759,18v6gkvx,8075,nzelreqp,2024-08-17T20:13:49Z
761,8wlp17vj,8080,w89rwelk,2024-07-07T23:16:52Z
762,v8102nrx,8084,w89rwelk,2022-06-15T20:41:51Z
763,7j4rrnl8,8085,nzelreqp,2017-06-21T01:58:45Z
764,qxklwe78,8089,w89rwelk,2024-08-19T03:38:36Z
764,jmodlge8,8089,w89rwelk,2025-05-09T14:34:11Z
766,48gr11xp,8119,w89rwelk,2020-05-01T03:00:55Z
767,j5q7wvwj,8127,w89rwelk,2024-08-13T18:36:01Z
768,zx7q6o68,8129,w89rwelk,2016-08-18T09:15:37Z
769,7j4gpv5j,8139,w89rwelk,2020-07-04T13:01:23Z
770,pj0ndom8,8144,w89rwelk,2018-07-21T17:08:42Z
770,8ee5kq28,8144,w89rwelk,2024-07-23T16:59:29Z
772,dx354dqj,8147,nzelreqp,2017-11-23T01:34:13Z
773,81kddqpj,8156,w89rwelk,2024-10-20T12:31:25Z
774,j92zg478,8159,w89rwelk,2024-01-14T07:44:58Z
775,x3qm31kj,8167,w89rwelk,2023-04-28T00:44:26Z
776,qjo26n86,8172,nzelreqp,2025-03-17T20:53:07Z
777,xkml027j,8177,w89rwelk,2024-08-14T03:21:59Z
778,18vr2m5x,8184,w89rwelk,2018-06-01T08:11:06Z
779,[jp]メーヴェ (Moewe),8194,w89rwelk,
780,8l46gmvj,8197,w89rwelk,2022-12-12T23:44:39Z
781,jop4zr7x,8200,w89rwelk,2024-07-29T00:54:58Z
781,j2poqml8,8200,w89rwelk,2025-06-16T02:20:58Z
783,v813oorx,8208,nzelreqp,2024-05-31T14:41:20Z
784,8qrlgz7j,8213,w89rwelk,2023-06-10T18:46:01Z
785,8r2ngoqx,8221,w89rwelk,2023-07-06T18:22:29Z
786,x3mrmeq8,8230,w89rwelk,2024-02-16T16:16:55Z
787,[jp]taka12352,8232,w89rwelk,
788,8107re5x,8238,w89rwelk,2024-02-18T03:12:35Z
789,e8edmo6x,8244,w89rwelk,2020-09-20T07:33:19Z
789,e8ek7k28,8244,w89rwelk,2021-08-23T04:37:57Z
791,qxkgld6j,8247,nzelreqp,2023-07-26T17:42:26Z
792,qjnv2v28,8248,w89rwelk,2019-08-08T00:13:35Z
793,zx72nrv8,8261,nzelreqp,2016-07-24T07:26:42Z
794,jp4y0g2j,8267,w89rwelk,2021-11-16T05:05:41Z
795,48g0gz7x,8268,v06dr394,2018-08-04T00:32:53Z
796,863w1q38,8277,w89rwelk,2023-07-31T04:09:49Z
797,jprqek58,8282,w89rwelk,2022-03-07T22:50:50Z
798,qj2dyk68,8287,nzelreqp,2025-04-26T23:40:34Z
799,j92l6ro8,8298,w89rwelk,2021-05-03T04:15:16Z
800,qjo3pe3j,8300,w89rwelk,2016-09-30T13:21:40Z
800,8ewyg2o8,8300,w89rwelk,2023-12-02T08:37:50Z
800,8e9elypj,8300,w89rwelk,2024-07-20T21:30:23Z
803,18v7vze8,8302,w89rwelk,2019-11-26T07:09:34Z
804,lordricker,8309,w89rwelk,
805,8grneeyx,8316,w89rwelk,2022-06-17T18:50:02Z
805,jony0708,8316,w89rwelk,2025-05-08T03:16:15Z
807,qjo9o23j,8324,nzelreqp,2024-01-19T23:22:39Z
808,qjn15gq8,8325,w89rwelk,2023-01-07T02:30:26Z
808,jpomk548,8325,w89rwelk,2023-07-31T14:16:57Z
810,8gm6v918,8328,w89rwelk,2023-07-26T01:57:10Z
811,68wp5qvx,8336,w89rwelk,2023-07-12T21:42:07Z
812,dx394zkx,8337,w89rwelk,2020-04-16T18:45:22Z
813,8geng2pj,8341,w89rwelk,2022-06-17T05:49:31Z
814,kj9dmprx,8343,w89rwelk,2023-06-20T01:13:49Z
815,[jp]okamoto,8346,w89rwelk,
816,qjo6r3j6,8349,w89rwelk,2017-02-08T06:01:45Z
817,86n00z3x,8359,w89rwelk,2024-08-17T12:25:21Z
818,8qrv5k0j,8367,w89rwelk,2024-08-11T23:43:54Z
819,48ge292j,8372,w89rwelk,2015-11-19T22:37:06Z
820,8d44ne58,8373,w89rwelk,2022-08-30T14:00:51Z
821,qjow2y38,8377,w89rwelk,2020-07-10T07:28:19Z
821,1xy155zx,8377,w89rwelk,2021-04-10T23:23:45Z
823,o86erg5x,8387,w89rwelk,2022-12-07T05:58:26Z
824,48gmwgr8,8388,w89rwelk,2017-03-05T07:18:41Z
824,xk4rz29j,8388,nzelreqp,2023-06-23T15:52:30Z
826,8v5oovyj,8389,w89rwelk,2021-09-08T05:26:48Z
827,kjp7ww4j,8391,w89rwelk,2024-12-21T03:08:31Z
828,qxk59y7x,8395,w89rwelk,2021-09-22T20:18:07Z
829,xz27094x,8398,w89rwelk,2025-05-24T23:18:47Z
830,0jme41yx,8400,w89rwelk,2024-08-18T05:50:07Z
831,86nnyy0x,8403,nzelreqp,2021-04-14T14:03:50Z
832,jmpvmyej,8404,w89rwelk,2023-07-21T06:21:50Z
832,v81rnwpx,8404,w89rwelk,2024-05-09T06:38:25Z
834,1xyzpn8r,8409,w89rwelk,2022-05-26T18:25:30Z
835,qj2ypko8,8418,w89rwelk,2016-12-05T06:32:48Z
836,0jmy44j1,8421,nzelreqp,2017-11-08T14:50:19Z
837,5j5rznxv,8422,w89rwelk,2019-12-29T07:29:45Z
838,7j4031m8,8428,w89rwelk,2023-08-01T04:26:20Z
839,8lp9z4lj,8459,w89rwelk,2022-06-22T04:39:23Z
840,8qzwgr78,8465,w89rwelk,2021-09-16T21:17:53Z
841,68w7mpqx,8474,w89rwelk,2024-07-16T06:25:28Z
842,v8149o58,8475,w89rwelk,2016-07-01T13:51:19Z
843,j2w3gypj,8487,w89rwelk,2021-05-09T04:48:30Z
844,8en1z0p8,8498,w89rwelk,2022-02-08T07:20:28Z
845,e8e2gw68,8503,w89rwelk,2022-08-18T18:59:19Z
846,o86d15jz,8510,w89rwelk,2021-04-13T22:16:58Z
847,18qm95dx,8517,w89rwelk,2019-08-12T22:45:14Z
848,xk3zrrm8,8525,w89rwelk,2022-12-16T00:17:16Z
849,8qrgozwj,8532,w89rwelk,2023-06-25T11:19:33Z
850,8dg994m8,8540,w89rwelk,2023-06-28T19:26:06Z
851,xk4rk32j,8546,w89rwelk,2022-06-20T14:37:53Z
852,8rp329wj,8555,w89rwelk,2022-07-26T01:43:12Z
853,qxk76kj0,8574,w89rwelk,2018-07-29T02:38:08Z
854,qj2rklpx,8576,w89rwelk,2020-10-04T00:06:11Z
855,j2yye4p8,8579,v06dr394,2022-06-28T11:12:03Z
856,8vkpzyvj,8580,w89rwelk,2021-04-06T07:07:19Z
857,v81mqpr8,8584,w89rwelk,2024-08-19T23:42:31Z
858,y8d44el8,8587,w89rwelk,2017-04-18T21:11:27Z
858,o86eweqx,8587,w89rwelk,2021-01-20T09:34:05Z
860,jopd017x,8588,w89rwelk,2025-01-21T18:15:25Z
861,18qr62oj,8599,w89rwelk,2021-01-23T06:48:44Z
862,y8d96g9x,8610,nzelreqp,2018-05-13T22:44:23Z
863,jo3vlelj,8621,w89rwelk,2022-07-31T04:07:19Z
864,pj05w98w,8623,nzelreqp,2018-05-02T08:59:07Z
865,jop5rdlx,8632,w89rwelk,2021-04-25T02:52:54Z
866,j4r2o0v8,8636,w89rwelk,2020-10-11T11:00:52Z
867,5j5pnog8,8651,w89rwelk,2020-04-05T13:43:56Z
868,48g93g1x,8654,w89rwelk,2021-01-25T13:21:16Z
869,y8d0d6lx,8656,w89rwelk,2024-03-17T01:00:04Z
870,8qo05moj,8657,w89rwelk,2024-07-07T15:07:24Z
871,[jp]野良めがね (Nora-Megane),8662,w89rwelk,
872,hellabryan,8663,w89rwelk,
873,kj9r2dnj,8670,w89rwelk,2021-01-07T20:36:32Z
873,jn30vywx,8670,w89rwelk,2022-06-14T14:21:52Z
875,j4q12dmx,8672,w89rwelk,2024-12-20T06:33:13Z
876,jnpl4wq8,8685,w89rwelk,2024-07-15T22:01:31Z
877,8l41dn2j,8691,w89rwelk,2023-06-11T06:52:03Z
878,8rln02g8,8696,w89rwelk,2024-08-19T05:34:43Z
879,v8l1pljm,8700,w89rwelk,2015-12-08T16:20:51Z
880,8w0e733j,8716,nzelreqp,2023-03-15T02:06:37Z
881,y8devyoj,8717,w89rwelk,2023-06-08T15:22:47Z
882,x7mdg3vx,8727,w89rwelk,2025-02-21T18:23:18Z
883,jmllono8,8732,w89rwelk,2023-08-01T05:17:35Z
884,[jp]まる (Maru),8746,w89rwelk,
885,81q700lj,8755,nzelreqp,2023-03-05T17:25:41Z
886,y8dk0mmj,8759,nzelreqp,2024-06-11T15:44:39Z
887,1xyo3nvj,8771,w89rwelk,2020-02-03T01:16:18Z
888,e8eelgp8,8772,nzelreqp,2020-05-10T20:31:18Z
889,xz90e608,8775,w89rwelk,2024-05-10T02:28:49Z
890,8649z13j,8778,w89rwelk,2025-01-28T03:38:05Z
891,98r2nqx1,8796,v06dr394,2017-05-20T23:36:52Z
892,Frogdunker,8798,w89rwelk,2021-11-05T04:09:47Z
893,8geyv5pj,8804,w89rwelk,2023-06-09T23:57:41Z
894,[jp]kirsche.,8816,w89rwelk,
895,xyl6zmyj,8817,w89rwelk,2023-07-22T00:55:44Z
896,xkmp5p7j,8823,w89rwelk,2022-07-28T07:29:18Z
897,kj9kwgv8,8832,nzelreqp,2024-12-29T21:42:26Z
898,jp4pld0j,8839,w89rwelk,2021-04-12T23:32:27Z
899,e8ek3wo8,8843,w89rwelk,2025-02-05T15:34:48Z
900,8l42qvvj,8861,w89rwelk,2021-04-19T19:48:04Z
901,o86yyeqj,8865,w89rwelk,2022-01-07T02:20:50Z
902,18qk2m78,8878,w89rwelk,2022-06-07T03:17:14Z
903,qjo1g7x6,8887,w89rwelk,2016-09-23T03:40:18Z
904,48gpr1y8,8893,w89rwelk,2020-04-05T08:03:52Z
905,48go67xp,8903,w89rwelk,2017-06-18T15:45:42Z
906,o86l4158,8912,w89rwelk,2024-02-13T08:07:58Z
907,zxz5oy9x,8916,w89rwelk,2023-11-05T01:44:14Z
908,8e9l4p7j,8922,w89rwelk,2020-11-25T13:51:06Z
909,batts,8926,w89rwelk,
910,x3mp7pe8,8931,w89rwelk,2022-07-22T07:29:29Z
911,8dwgqzmj,8938,w89rwelk,2024-11-04T11:46:08Z
912,dx3pdw78,8945,w89rwelk,2024-07-15T14:18:20Z
913,zxz63me8,8952,nzelreqp,2022-11-25T01:48:00Z
914,8qre7pdj,8958,w89rwelk,2023-07-23T02:28:38Z
914,x77247yx,8958,w89rwelk,2025-06-01T15:31:38Z
916,86vvvkqj,8965,w89rwelk,2024-11-20T18:23:10Z
917,xk3y91m8,8976,nzelreqp,2024-08-09T01:23:15Z
918,j03l129j,8980,w89rwelk,2024-08-26T00:12:00Z
918,8rp6e3dj,8980,7m6ylw9p,2025-05-19T17:43:34Z
920,pj0rd9mj,8985,w89rwelk,2024-07-11T06:41:38Z
921,j9pmr3vx,8993,w89rwelk,2023-06-27T12:30:12Z
922,e8evqpx0,8994,w89rwelk,2020-05-29T20:34:25Z
923,qj237plx,8997,w89rwelk,2024-06-07T02:38:36Z
924,[jp]月島真理亜 (TsukishimaMaria),9003,w89rwelk,
925,x72zgr08,9005,7m6ylw9p,2022-08-11T00:41:45Z
926,v81ykn58,9022,w89rwelk,2018-12-20T01:04:46Z
927,8qr5nl0j,9025,w89rwelk,2025-03-14T16:59:26Z
928,qjn1ozw8,9028,w89rwelk,2024-08-26T20:47:03Z
929,98r00pg8,9036,nzelreqp,2022-01-23T20:13:55Z
930,jo2l6w78,9054,w89rwelk,2024-05-01T22:19:14Z
931,kj9250w8,9058,w89rwelk,
932,ItzMeeix,9082,w89rwelk,
933,68w1z0zx,9083,nzelreqp,2019-08-04T15:18:44Z
933,8v52vlvj,9083,w89rwelk,2021-08-11T18:44:57Z
935,zxzw3o9x,9095,w89rwelk,2022-04-13T00:58:32Z
936,5j5wwqgj,9099,w89rwelk,2022-07-29T17:40:07Z
937,7j406d81,9136,w89rwelk,2015-09-29T20:14:07Z
938,8w9n2qzj,9138,w89rwelk,2025-04-15T18:53:01Z
939,8l4kpv7j,9144,w89rwelk,2022-03-20T10:04:05Z
940,1xy1n1mx,9160,w89rwelk,2024-06-10T02:21:04Z
941,8lp4vz7j,9166,w89rwelk,2023-02-27T20:29:19Z
942,81kp3wqj,9182,w89rwelk,2023-07-30T20:07:37Z
943,48g7dr8p,9212,w89rwelk,2016-06-25T10:55:45Z
944,98r7lq6j,9214,nzelreqp,2023-09-25T17:09:32Z
945,x7q77vr8,9215,w89rwelk,2022-06-04T17:43:46Z
945,v81676rx,9215,w89rwelk,2022-06-22T21:19:20Z
947,1xypqwxr,9222,nzelreqp,2017-04-22T22:45:24Z
948,j9p4o77x,9228,nzelreqp,2023-07-26T18:52:25Z
949,x7m9r50x,9236,w89rwelk,2022-06-22T14:01:26Z
950,v81kkvrj,9254,w89rwelk,2024-01-01T23:07:56Z
951,y8ddqm98,9273,w89rwelk,2022-03-14T22:02:34Z
952,qjoz1ne8,9279,w89rwelk,2024-12-19T20:49:08Z
953,8e6kgypj,9282,w89rwelk,2024-07-06T04:20:39Z
954,qxke337x,9295,w89rwelk,2020-04-13T00:01:44Z
955,8r3305d8,9318,7m6ylw9p,2024-08-21T20:51:09Z
956,816go13x,9339,w89rwelk,2022-06-26T18:47:52Z
957,18qd037x,9344,v06dr394,2021-12-29T03:06:02Z
957,x7qz6qq8,9344,nzelreqp,2022-06-19T04:00:37Z
959,5j5w22qj,9356,w89rwelk,2021-07-08T22:05:33Z
960,8gr3lerx,9358,w89rwelk,2022-06-06T02:44:44Z
961,8rpel4gj,9365,w89rwelk,2023-01-10T10:38:37Z
962,1xy02njr,9371,w89rwelk,2023-07-31T07:42:48Z
963,xy5lqmm8,9373,w89rwelk,2022-11-03T22:30:08Z
964,x7wzv1v8,9385,w89rwelk,2023-08-01T04:14:28Z
965,zxz9r448,9390,w89rwelk,2017-03-03T08:21:43Z
966,e8e3rdj0,9406,nzelreqp,2017-05-22T16:01:39Z
967,j2wp4qoj,9407,w89rwelk,2024-07-23T23:03:05Z
968,Tyrannicone,9409,nzelreqp,
969,v8l0n7l8,9423,w89rwelk,2016-04-28T21:14:58Z
970,0jm4k2oj,9443,nzelreqp,2024-12-01T01:40:01Z
971,8enwodo8,9453,w89rwelk,2022-01-22T19:48:46Z
972,e8e6zpj0,9462,w89rwelk,2017-06-01T02:32:01Z
973,Voxelic,9468,w89rwelk,
973,68w9glvj,9468,w89rwelk,2022-09-30T01:31:39Z
975,xz0wvqe8,9469,w89rwelk,2024-07-22T19:18:48Z
976,kj9kwe78,9473,w89rwelk,2018-03-30T21:52:46Z
977,kjpmpwyj,9489,w89rwelk,2018-05-06T00:19:51Z
978,v8129yqj,9522,w89rwelk,2022-08-08T04:10:36Z
979,xko6v198,9523,w89rwelk,2022-12-24T02:07:43Z
980,5j59vwxv,9524,w89rwelk,2017-09-26T03:35:54Z
981,[jp]すいすい (Suisui),9534,w89rwelk,
982,98rm926j,9540,w89rwelk,2023-04-14T13:06:43Z
982,v81k2epj,9540,w89rwelk,2023-03-07T22:32:48Z
984,y8d4z986,9541,w89rwelk,2014-12-20T20:02:39Z
985,7j4105j1,9566,nzelreqp,2017-06-23T21:52:03Z
986,18vogm2x,9577,w89rwelk,2017-10-14T01:10:34Z
987,dx3rqnex,9578,w89rwelk,2019-01-30T22:36:59Z
988,v81ke2rj,9591,nzelreqp,2017-09-03T03:42:56Z
989,8q3pq30j,9597,w89rwelk,2021-08-25T02:03:28Z
990,j0n1n198,9602,w89rwelk,2024-01-27T01:57:20Z
991,qj2y7l8k,9606,w89rwelk,2023-10-08T09:01:19Z
992,j2yygy68,9646,w89rwelk,2020-01-27T02:24:44Z
992,7j425vx1,9646,w89rwelk,2024-03-31T22:37:44Z
994,18q3r90j,9662,v06dr394,2020-08-15T20:10:49Z
995,qxk6p228,9674,w89rwelk,2018-05-11T17:04:05Z
996,5j5zzqjv,9682,w89rwelk,2017-07-06T13:19:59Z
997,8d3mywlx,9694,w89rwelk,2024-07-13T21:36:00Z
998,zxzlz98q,9697,w89rwelk,2015-12-24T22:15:25Z
999,1xyrgnzj,9704,w89rwelk,2017-07-08T01:33:09Z
1000,7j4r6m58,9711,nzelreqp,2020-06-29T21:21:04Z
1001,jpr0kyy8,9712,w89rwelk,2022-07-19T19:25:58Z
1002,7j40q3w8,9732,w89rwelk,2017-02-23T07:33:26Z
1002,1xym0pyx,9732,w89rwelk,2017-07-15T13:40:54Z
1004,98r22gx1,9749,nzelreqp,2014-12-02T02:58:26Z
1005,jo21qol8,9805,nzelreqp,2024-01-14T08:11:01Z
1006,86n7995x,9811,w89rwelk,2023-08-14T20:20:42Z
1007,j2qem6pj,9828,w89rwelk,2024-12-11T12:55:34Z
1008,pj02048w,9844,w89rwelk,2016-06-27T09:46:31Z
1009,qjopwl3x,9865,w89rwelk,2025-03-12T11:33:18Z
1010,7j4rp1l8,9872,w89rwelk,2017-06-27T20:30:00Z
1011,qjn1mw8m,9873,w89rwelk,2020-07-07T16:11:30Z
1012,8q3g5goj,9888,w89rwelk,2022-10-15T22:29:57Z
1013,68wk9eq8,9909,nzelreqp,2022-12-31T05:12:57Z
1014,zxz54qnx,9910,w89rwelk,2020-06-30T13:32:43Z
1015,8wl5ko4j,9938,w89rwelk,2021-07-16T17:16:24Z
1016,48gd59r8,9957,w89rwelk,2024-08-19T07:47:29Z
1017,48gkn5rj,9969,w89rwelk,2020-10-08T15:09:10Z
1018,8r3mgvd8,9975,w89rwelk,2023-02-13T17:51:21Z
1019,48gro92x,9982,w89rwelk,2023-03-08T20:28:05Z
1019,8rpqe6gj,9982,7m6ylw9p,2024-08-17T04:30:48Z
1021,kj90merj,9990,w89rwelk,2021-07-23T05:18:30Z
1022,8l025728,10017,nzelreqp,2021-10-24T04:16:12Z
1023,68wldqjg,10019,nzelreqp,2014-12-07T14:19:08Z
1024,x7q7w1r8,10035,w89rwelk,2020-05-17T20:23:47Z
1025,j96n0y7j,10043,7m6ylw9p,2024-08-18T23:28:45Z
1026,18v747n8,10045,nzelreqp,2021-06-22T19:09:43Z
1027,jmo3d1e8,10052,w89rwelk,2024-07-25T06:40:58Z
1028,jo3o7dej,10055,w89rwelk,2021-01-26T20:07:04Z
1028,8ge6lm1j,10055,w89rwelk,2024-08-17T20:23:35Z
1030,joz4g138,10063,w89rwelk,2025-06-03T20:36:53Z
1031,zxz0p5e8,10083,w89rwelk,2017-10-26T09:07:37Z
1032,qj22dnlj,10084,w89rwelk,2024-07-02T17:36:51Z
1033,e8e5enp8,10117,w89rwelk,2020-04-11T06:44:02Z
1034,j26qdmox,10172,w89rwelk,2022-07-23T05:38:34Z
1035,zx7qoly8,10180,v06dr394,2016-01-18T14:22:30Z
1036,xkp9642j,10181,w89rwelk,2024-07-13T04:19:45Z
1037,68wrym4j,10184,w89rwelk,2019-04-09T02:01:13Z
1038,dx3m2l68,10200,w89rwelk,2020-01-01T00:35:00Z
1039,8v2ml4ej,10242,w89rwelk,2023-01-28T08:50:24Z
1040,x72dq2y8,10254,w89rwelk,2023-08-01T00:58:43Z
1041,xk41ok7j,10262,w89rwelk,2022-08-01T22:49:33Z
1042,8g547vyj,10275,w89rwelk,2023-07-20T01:10:53Z
1043,zx723z08,10294,w89rwelk,2020-07-14T13:28:54Z
1044,8wleq5qj,10295,w89rwelk,2021-07-21T19:19:30Z
1045,98rz4wx1,10299,w89rwelk,2024-08-12T15:11:55Z
1046,98rv54wj,10315,w89rwelk,2019-10-06T19:36:13Z
1047,[jp]烏鳥 (Uchou),10322,w89rwelk,
1048,xyovn4yj,10334,w89rwelk,2023-12-10T20:28:36Z
1049,y8d33ygx,10367,w89rwelk,2017-08-01T08:44:03Z
1050,8dgg90m8,10387,w89rwelk,2024-11-04T16:24:09Z
1051,816m3p3x,10388,7m6ylw9p,2022-06-28T08:44:34Z
1052,48g979rx,10396,w89rwelk,2024-07-19T05:04:00Z
1053,zx7opm0j,10401,w89rwelk,2019-02-16T10:48:18Z
1054,7j4np25x,10478,nzelreqp,2023-01-21T21:24:33Z
1055,98rzq96x,10489,w89rwelk,2020-01-13T08:42:20Z
1056,[jp]フラッグ (Flag),10503,w89rwelk,
1057,qxk3l6k8,10509,nzelreqp,2021-12-11T03:16:41Z
1058,zx7mkvvx,10512,nzelreqp,2019-01-02T22:30:01Z
1059,j2yqw2p8,10519,w89rwelk,2023-07-19T23:52:29Z
1060,v8le4lvx,10521,w89rwelk,2024-12-10T21:20:50Z
1061,xyqon9v8,10533,w89rwelk,2024-07-07T05:29:19Z
1062,jm6oo7z8,10551,w89rwelk,2024-08-16T05:42:48Z
1063,zxzlqn8q,10555,w89rwelk,2016-06-25T12:09:02Z
1064,68wk4448,10559,w89rwelk,2016-08-21T18:00:16Z
1065,18qrov7j,10561,w89rwelk,2020-12-04T15:06:58Z
1066,Kilatone,10570,nzelreqp,
1067,qj2rw3ox,10575,w89rwelk,2019-12-22T18:29:38Z
1068,8qz71v08,10590,w89rwelk,2024-08-18T07:58:01Z
1069,98rpqkgj,10592,w89rwelk,2019-06-20T22:17:47Z
1070,18qrn3qj,10596,w89rwelk,2016-10-12T06:19:41Z
1071,dx30w3ex,10624,w89rwelk,2020-02-02T16:22:40Z
1072,8rpzqz6j,10663,w89rwelk,2022-08-16T12:14:30Z
1073,7j4w6zvx,10666,w89rwelk,2021-04-16T23:36:34Z
1074,68wll3lj,10686,w89rwelk,2019-05-18T14:12:38Z
1075,jo3gp4ej,10699,w89rwelk,2024-01-14T16:24:48Z
1076,xkoz5p78,10733,w89rwelk,2022-02-16T14:56:46Z
1077,pj03orjw,10754,w89rwelk,2014-12-07T22:39:54Z
1078,98rd2qj1,10758,w89rwelk,2024-09-17T05:57:23Z
1079,jn3kg62x,10760,w89rwelk,2021-08-15T22:11:59Z
1080,j03q6k4j,10762,w89rwelk,2021-06-12T14:18:43Z
1081,18v1g7v8,10770,w89rwelk,2022-04-22T21:48:11Z
1082,jprze058,10772,w89rwelk,2020-08-12T11:03:25Z
1083,86n2vvpx,10778,w89rwelk,2021-08-15T23:06:59Z
1084,TimEbaysball,10784,w89rwelk,2016-06-25T13:03:54Z
1085,Haunted_1,10786,w89rwelk,
1086,5j5y5068,10807,w89rwelk,2019-05-27T04:35:25Z
1087,8go0g47x,10808,w89rwelk,2025-05-31T17:52:25Z
1088,8d37kmgx,10846,7m6ylw9p,2022-06-02T20:36:28Z
1089,8w0p0z4j,10848,w89rwelk,2023-07-02T04:02:16Z
1090,j5wo0dgj,10974,w89rwelk,2021-08-27T23:35:52Z
1091,xkov7m98,10977,w89rwelk,2022-05-10T19:25:56Z
1092,qjnp7328,10989,7m6ylw9p,2024-06-06T03:02:09Z
1093,68w2okz8,11026,w89rwelk,2025-03-01T20:23:11Z
1094,xk4pe92j,11035,w89rwelk,2023-06-04T08:50:35Z
1095,18vopzvx,11038,w89rwelk,2017-08-09T15:32:49Z
1096,8d36qwmx,11041,7m6ylw9p,2023-07-08T22:26:02Z
1097,j0vq9qmx,11102,w89rwelk,2023-06-09T19:49:25Z
1098,[jp]コルポ (Korupo),11106,w89rwelk,
1099,jm6o02e8,11109,w89rwelk,2024-08-19T01:47:25Z
1100,xyr1knyj,11125,w89rwelk,2021-03-13T21:52:48Z
1101,1xyldrvj,11130,w89rwelk,2021-09-12T19:42:30Z
1102,j9k33z78,11131,w89rwelk,2025-04-22T04:43:01Z
1103,qjoo743j,11142,w89rwelk,2017-11-03T12:34:52Z
1103,48gq012j,11142,w89rwelk,2019-06-17T06:25:26Z
1105,jp49l72j,11160,w89rwelk,2021-05-03T18:49:08Z
1106,8r2r2l3x,11171,w89rwelk,2022-01-02T06:28:42Z
1107,pj0w1m8w,11199,w89rwelk,2017-09-23T01:42:14Z
1108,5j5vrg8v,11222,w89rwelk,
1109,zx7mo6x7,11274,nzelreqp,2016-12-11T19:26:27Z
1110,xk4z6w7j,11295,w89rwelk,2024-08-08T16:27:18Z
1111,98r2y6x1,11328,nzelreqp,2025-04-13T18:07:45Z
1112,y8dkp5j6,11330,w89rwelk,2017-10-31T13:32:20Z
1113,dx3wdq6j,11361,w89rwelk,2022-06-05T04:11:17Z
1114,8l03lq48,11365,w89rwelk,2022-07-31T20:31:08Z
1115,y8dn9y9j,11373,w89rwelk,2019-08-08T16:24:30Z
1116,qjoo4vnj,11401,w89rwelk,2017-02-18T02:54:47Z
1117,814rqvp8,11425,w89rwelk,2020-10-28T20:05:35Z
1118,xkoyle78,11496,w89rwelk,2023-01-11T04:24:10Z
1119,j4r7w4w8,11498,v06dr394,2023-10-27T20:03:30Z
1120,8dgw9ko8,11522,w89rwelk,2022-06-11T02:37:25Z
1121,x36mnq2x,11523,w89rwelk,2025-06-17T14:37:39Z
1122,j92we578,11524,w89rwelk,2021-06-26T05:23:20Z
1123,y8d0r9ox,11533,w89rwelk,2019-09-15T04:56:04Z
1124,o8669vq8,11571,w89rwelk,2018-09-26T09:02:21Z
1125,8l091rl8,11640,w89rwelk,2021-01-06T09:34:59Z
1126,8q6pqgdj,11671,w89rwelk,2023-10-31T02:58:44Z
1127,8gm0v9p8,11681,w89rwelk,2022-07-31T23:59:08Z
1128,e8ez4d68,11691,w89rwelk,2024-11-30T00:01:24Z
1129,68wkwz8g,11706,nzelreqp,2014-12-24T23:37:07Z
1130,xk4nwn9j,11733,w89rwelk,2024-07-25T21:03:25Z
1131,18ve7o5j,11741,w89rwelk,2021-10-17T08:38:18Z
1131,8lrnwer8,11741,w89rwelk,2025-03-30T10:02:59Z
1133,dx3op2xl,11803,nzelreqp,2015-06-21T03:58:21Z
1134,qjn3zpqx,11826,w89rwelk,2020-08-09T07:05:55Z
1135,48gn5z7j,11832,w89rwelk,2019-06-22T14:00:32Z
1136,8en16q78,11834,w89rwelk,2025-04-22T02:58:49Z
1137,8r7wykdj,11860,w89rwelk,2022-06-02T01:57:47Z
1138,qxkoze28,11893,w89rwelk,2015-12-26T09:50:03Z
1139,0jmlme81,11895,nzelreqp,2014-11-27T21:06:24Z
1140,j51nymg8,11911,w89rwelk,2021-05-09T18:04:20Z
1141,dx31v4e8,11933,w89rwelk,2022-06-17T22:47:24Z
1142,o86wl6wx,11988,w89rwelk,2020-05-28T23:16:28Z
1143,dx3z9ejl,12050,w89rwelk,
1144,j4rv5l58,12095,w89rwelk,2024-06-27T00:42:39Z
1145,1xym1vxr,12118,nzelreqp,2021-06-28T11:01:40Z
1146,18v4r28l,12120,nzelreqp,2016-06-25T11:47:19Z
1147,zx76l9qj,12138,w89rwelk,2019-12-10T22:01:38Z
1148,v81oop5x,12140,w89rwelk,2019-02-22T22:06:10Z
1149,8en063p8,12213,w89rwelk,2022-05-18T06:50:30Z
1150,zx7ql5v8,12229,w89rwelk,2020-09-21T13:00:59Z
1151,qj26vllx,12263,w89rwelk,2017-06-10T22:29:16Z
1152,v18q90jn,12266,w89rwelk,
1153,81q97epj,12287,w89rwelk,2021-09-17T03:44:18Z
1154,x35nk26j,12333,w89rwelk,2020-10-04T19:31:30Z
1155,48gz7yjp,12358,nzelreqp,2016-07-01T14:59:36Z
1156,j92k73o8,12436,w89rwelk,2024-07-14T12:23:34Z
1157,jmo6q0y8,12460,w89rwelk,2022-02-03T16:37:45Z
1158,jooz22ej,12487,w89rwelk,2022-08-01T02:30:03Z
1159,68wld3zj,12490,nzelreqp,2022-12-22T07:39:22Z
1160,xkmlo72j,12498,w89rwelk,2022-06-08T07:41:21Z
1161,zxzl9re8,12526,w89rwelk,2016-06-25T11:01:44Z
1162,Sweden270,12534,w89rwelk,
1163,qjo3zpnj,12574,w89rwelk,2020-02-21T17:26:13Z
1164,zx76e4yj,12584,nzelreqp,2021-06-28T21:50:28Z
1165,jpr6p758,12642,w89rwelk,2020-04-06T01:08:47Z
1166,x7qyyr08,12670,w89rwelk,2023-07-16T18:13:39Z
1167,x7252m08,12705,w89rwelk,2024-07-24T04:41:56Z
1168,qjowvn86,12706,w89rwelk,2021-11-28T09:04:06Z
1169,zx79wvyj,12725,w89rwelk,2019-05-12T06:10:13Z
1170,8g0nve7x,12775,w89rwelk,2024-07-29T19:55:30Z
1171,v8l7e3vj,12797,w89rwelk,2022-01-01T06:57:43Z
1172,qjod40x6,12806,w89rwelk,2015-11-28T19:59:21Z
1173,7j4gkomj,12866,nzelreqp,2019-03-28T18:06:13Z
1173,o86mw65j,12866,nzelreqp,2023-01-03T20:25:49Z
1175,xyq7evy8,12895,w89rwelk,2024-05-18T01:17:07Z
1176,7j4q94lx,12936,nzelreqp,2017-10-19T13:53:22Z
1177,8q6yddwj,12945,w89rwelk,2022-11-28T07:29:08Z
1178,zx72ooq8,13091,w89rwelk,2024-07-17T23:45:51Z
1179,dx317z28,13120,w89rwelk,2017-09-20T23:38:55Z
1180,dx35672j,13154,nzelreqp,2016-08-17T00:25:39Z
1181,RawkusX,13243,w89rwelk,2016-06-27T15:13:35Z
1182,j40m54l8,13268,w89rwelk,2023-12-17T02:46:02Z
1183,v811r438,13300,w89rwelk,2020-12-15T16:38:59Z
1184,dx3dk068,13316,w89rwelk,2022-01-24T01:54:00Z
1185,j031pr4j,13333,nzelreqp,2023-07-04T05:58:07Z
1186,e8e79ox0,13353,w89rwelk,
1187,v8166vrx,13359,w89rwelk,2020-09-07T15:42:05Z
1188,8r790kdj,13399,w89rwelk,2022-05-28T16:08:09Z
1189,18q17r0x,13443,w89rwelk,2019-07-23T05:42:48Z
1190,18vw3yjl,13452,w89rwelk,2020-07-20T23:39:12Z
1191,8vok3myx,13590,w89rwelk,2024-02-20T14:38:14Z
1192,qxkp49j0,13608,w89rwelk,2017-09-22T22:22:14Z
1193,zxzygl4j,13718,w89rwelk,2016-06-08T22:29:37Z
1194,8eeozk28,13781,w89rwelk,2024-08-12T13:24:02Z
1195,8dwkvwmj,13786,w89rwelk,2021-07-11T21:17:12Z
1196,xk1v9kmj,13846,w89rwelk,2023-02-06T02:30:11Z
1197,7j46yww8,13923,w89rwelk,2017-06-04T15:08:47Z
1198,18vmqgy8,13977,w89rwelk,2018-01-31T13:26:44Z
1199,v811gp8p,14021,w89rwelk,2017-07-31T14:31:51Z
1200,68wqy2v8,14036,w89rwelk,2023-07-27T15:35:57Z
1201,j233e27x,14049,w89rwelk,2024-07-13T11:48:59Z
1202,dx3vw68l,14077,w89rwelk,2015-07-14T12:20:03Z
1203,j5wo65gj,14100,w89rwelk,2023-02-19T23:44:12Z
1204,8rpqnpdj,14129,w89rwelk,2023-08-01T00:27:15Z
1205,zx7mpvx7,14168,w89rwelk,2019-03-27T07:30:36Z
1206,863lklw8,14207,w89rwelk,2023-07-22T04:33:22Z
1207,kjprmv28,14282,w89rwelk,2016-06-02T05:51:20Z
1208,x72em4v8,14291,w89rwelk,2024-07-11T19:04:29Z
1209,qjogonx6,14326,w89rwelk,2017-07-30T23:00:03Z
1210,j5vqn0g8,14380,w89rwelk,2022-01-13T03:31:14Z
1211,jo3o2enj,14414,w89rwelk,2022-01-31T10:52:38Z
1212,8d3elmmx,14417,w89rwelk,2021-04-21T15:43:23Z
1213,MonkeyDivo,14524,w89rwelk,2016-06-27T14:33:17Z
1214,5j5lyvgx,14542,w89rwelk,2023-07-31T23:17:08Z
1215,AtomicHex,14704,w89rwelk,2017-08-27T16:33:02Z
1216,v810nypx,14776,w89rwelk,2020-08-06T19:24:00Z
1217,1xy951nj,14870,w89rwelk,2020-06-30T18:47:04Z
1218,zxz0qn8q,15047,w89rwelk,2016-06-28T00:30:26Z
1219,zx7n7ny8,15168,v06dr394,2021-11-28T15:30:21Z
1220,e8e937j0,15200,nzelreqp,2015-06-23T18:24:52Z
1220,dx3mrvk8,15200,w89rwelk,2017-11-12T09:08:35Z
1222,8gez077j,15204,w89rwelk,2020-09-27T16:49:05Z
1223,98r7pk6j,15292,w89rwelk,2023-06-14T23:47:32Z
1224,8d41pzo8,15312,w89rwelk,2024-11-27T21:15:15Z
1225,zxzez4xq,15357,nzelreqp,2015-06-19T00:59:40Z
1226,qjndwg18,15365,w89rwelk,2021-12-22T07:12:21Z
1227,1zxz3e8q,15454,nzelreqp,2015-09-13T19:39:19Z
1228,98r9l381,15562,w89rwelk,2016-11-21T02:17:15Z
1229,y8dew1mj,15606,w89rwelk,2021-06-24T03:24:57Z
1230,8eenq378,15693,w89rwelk,2023-08-03T11:45:53Z
1231,qj2ydp78,15694,w89rwelk,2017-07-23T22:12:52Z
1232,jpo63dk8,15729,w89rwelk,2022-06-10T12:36:41Z
1233,18qzrk78,15806,w89rwelk,2016-05-31T01:32:24Z
1234,jonr2wl8,15810,w89rwelk,2023-02-18T14:50:42Z
1235,dx3qv2jl,15891,nzelreqp,2020-02-03T05:32:24Z
1236,8w93o6zj,16013,w89rwelk,2023-07-31T15:41:03Z
1237,8v5k5m5j,16187,w89rwelk,2021-05-25T15:26:05Z
1238,v81qk3jp,16224,w89rwelk,2017-07-30T23:02:05Z
1239,x7m4r90x,16284,w89rwelk,2024-07-06T21:02:54Z
1240,j26kol7x,16472,w89rwelk,2023-01-29T03:09:30Z
1241,zxzwp44x,16478,w89rwelk,2021-10-28T20:07:41Z
1242,18q6oqjn,16561,w89rwelk,2022-08-01T03:35:55Z
1243,o86r4v08,16737,w89rwelk,2020-05-21T04:48:16Z
1244,e8ewwd80,16808,w89rwelk,2018-04-16T21:54:52Z
1245,pj0n7n48,16844,w89rwelk,2019-07-21T03:51:06Z
1246,18vdp928,16882,w89rwelk,2021-10-09T10:45:18Z
1247,v81oe5qx,17040,w89rwelk,2020-05-26T20:56:01Z
1248,1xyomzwj,17235,v06dr394,2021-10-14T23:14:32Z
1249,qjnlodxm,17357,w89rwelk,2023-08-01T23:01:03Z
1250,xzle7608,17419,w89rwelk,2021-12-28T04:16:27Z
1251,8r29om3x,17422,w89rwelk,2022-06-07T07:44:25Z
1252,BenYork36,17564,w89rwelk,2020-06-10T04:07:17Z
1253,e8e0e4dj,17581,w89rwelk,2022-08-05T19:42:34Z
1254,Nickfin,17769,w89rwelk,
1255,dx3qgr6j,17789,v06dr394,2017-05-11T06:23:03Z
1256,j42k9lmx,17791,w89rwelk,2022-06-07T01:46:45Z
1257,x7766n0x,17908,w89rwelk,2024-03-19T14:36:53Z
1258,j46qndv8,17994,w89rwelk,2024-08-11T02:36:06Z
1259,qjn0yowx,18779,w89rwelk,2022-07-26T01:40:47Z
1260,j20mlrox,20060,w89rwelk,2023-07-12T03:45:29Z
1261,0jm0v3z8,20351,w89rwelk,2017-09-20T23:41:03Z
1262,xz99qwr8,20981,w89rwelk,2020-08-23T06:54:35Z
1263,8v5opw5j,20995,w89rwelk,2020-02-23T11:28:29Z
1264,0jmd30oj,21093,nzelreqp,2021-01-01T17:35:57Z
1265,v8192kpx,21104,w89rwelk,2019-07-06T02:06:05Z
1266,8dgy9lm8,21384,w89rwelk,2022-06-27T16:56:30Z
1267,68wkn1l8,21558,w89rwelk,2016-06-27T00:45:53Z
1268,qj2w9ojk,21607,nzelreqp,2015-03-08T13:37:45Z
1269,kj92q678,21656,w89rwelk,2016-06-24T01:20:07Z
1270,o86ve4wj,22282,w89rwelk,2018-08-08T22:33:30Z
1271,jon0v5l8,23064,w89rwelk,2023-07-31T00:19:32Z
1272,8q37r27j,23993,w89rwelk,2021-09-04T15:26:53Z
1273,8w1de74x,24438,w89rwelk,2024-07-11T16:14:04Z
1274,jpr6el58,27426,w89rwelk,2020-04-13T11:36:10Z
1275,xyl0k1zj,29935,w89rwelk,2022-10-29T22:58:10Z
1276,qj2005ox,31688,w89rwelk,2018-11-09T20:47:06Z
1277,j92z16o8,31992,nzelreqp,2021-08-22T09:00:43Z
1278,o86yg9qj,32682,w89rwelk,2020-11-24T14:21:02Z
1279,8g02e6rx,36128,w89rwelk,2024-06-14T10:02:48Z
1280,8e9opooj,38440,w89rwelk,2020-05-24T07:10:39Z
1281,48grv1xp,59562,w89rwelk,2017-05-20T22:59:49Z
1282,8d043vgx,66442,w89rwelk,2022-08-29T17:18:16Z
