player,level,speed_run_time_for_level,place,date_achieved,console
jn32931x,5d7776qd,354.83,3,2024-10-26,w89rwelk
jn32931x,5wk22gvw,285.84,2,2024-06-24,w89rwelk
jn32931x,rw6vvkp9,315.82,1,2024-06-22,w89rwelk
jn32931x,xd100vz9,310.07,1,2024-06-22,w89rwelk
jn32931x,xd466vq9,282.47,6,2024-06-13,w89rwelk
jn32931x,29vyy1q9,204.55,4,2024-05-30,w89rwelk
jn32931x,y9meekzd,233.9,5,2024-04-06,w89rwelk
jn32931x,592jjv7w,260.67,1,2024-04-03,w89rwelk
jn32931x,r9gzzkjd,375.85,26,2023-12-26,w89rwelk
jn32931x,495jjvmw,344.83,35,2023-12-23,w89rwelk
jn32931x,owokkgjd,230.63,1,2023-12-09,w89rwelk
zxzk1q9x,5wk22gvw,285.96,3,2025-01-08,w89rwelk
zxzk1q9x,29vyy1q9,207.66,10,2023-12-08,w89rwelk
zxzk1q9x,495jjvmw,341.26,28,2023-05-05,w89rwelk
zxzk1q9x,r9gzzkjd,374.9,21,2023-05-05,w89rwelk
zxzk1q9x,y9meekzd,234.26,7,2023-04-25,w89rwelk
zxzk1q9x,rw6vvkp9,318.8,4,2023-04-15,w89rwelk
zxzk1q9x,xd466vq9,338.86,52,2023-03-25,w89rwelk
zxzk1q9x,kwjyyo0w,294.9,4,2023-03-01,w89rwelk
zxzk1q9x,xd100vz9,312.16,3,2023-03-01,w89rwelk
zxzk1q9x,owokkgjd,234.66,12,2019-01-17,w89rwelk
zxzk1q9x,ewpppkyw,368.2,12,2018-12-29,w89rwelk
j2ylqn68,y9meekzd,234.16,6,2024-07-30,w89rwelk
j2ylqn68,495jjvmw,340.6,22,2024-06-30,w89rwelk
j2ylqn68,rw6vvkp9,319.26,7,2024-06-29,w89rwelk
j2ylqn68,xd466vq9,290.3,15,2024-06-24,w89rwelk
j2ylqn68,5wk22gvw,290.66,11,2024-05-22,w89rwelk
j2ylqn68,29vyy1q9,213.66,23,2024-05-17,w89rwelk
j2ylqn68,5d7776qd,356.6,7,2024-04-15,w89rwelk
j2ylqn68,owokkgjd,235.96,21,2024-03-20,w89rwelk
j2ylqn68,xd100vz9,311.77,2,2023-12-28,w89rwelk
j2ylqn68,592jjv7w,265.6,12,2023-10-15,w89rwelk
j2ylqn68,o9x22m3w,214.93,53,2023-07-31,w89rwelk
j2ylqn68,rdq006ow,287.23,44,2023-06-26,w89rwelk
j2ylqn68,r9gzzkjd,373.97,18,2019-05-11,w89rwelk
kjprmwk8,owokkgjd,232.16,4,2024-07-12,w89rwelk
kjprmwk8,5d7776qd,355.45,4,2024-07-10,w89rwelk
kjprmwk8,5wk22gvw,291.99,15,2024-01-12,w89rwelk
kjprmwk8,r9gzzkjd,371.37,7,2024-01-11,w89rwelk
kjprmwk8,xd100vz9,313.61,5,2024-01-08,w89rwelk
kjprmwk8,592jjv7w,266.86,19,2024-01-06,w89rwelk
kjprmwk8,xd466vq9,298.03,25,2024-01-06,w89rwelk
kjprmwk8,rdq006ow,282.31,10,2024-01-05,w89rwelk
kjprmwk8,o9x22m3w,208.9,7,2023-08-12,w89rwelk
kjprmwk8,495jjvmw,335.36,4,2023-03-23,w89rwelk
kjprmwk8,y9meekzd,234.91,9,2022-11-18,w89rwelk
1xyd46wx,rw6vvkp9,316.36,2,2025-03-27,w89rwelk
1xyd46wx,owokkgjd,231.26,2,2024-12-27,w89rwelk
1xyd46wx,kwjyyo0w,291.32,2,2024-11-19,w89rwelk
1xyd46wx,xd100vz9,315.91,8,2024-09-03,w89rwelk
1xyd46wx,5d7776qd,354.05,2,2024-08-02,w89rwelk
1xyd46wx,5wk22gvw,286.95,4,2024-06-18,w89rwelk
1xyd46wx,y9meekzd,234.8,8,2023-12-29,w89rwelk
1xyd46wx,xd466vq9,280.78,4,2023-12-27,w89rwelk
1xyd46wx,rdq006ow,281.31,7,2023-12-26,w89rwelk
1xyd46wx,495jjvmw,336.63,10,2023-12-24,w89rwelk
1xyd46wx,592jjv7w,263.02,6,2023-12-24,w89rwelk
1xyd46wx,r9gzzkjd,369.7,5,2023-12-24,w89rwelk
1xyd46wx,o9x22m3w,209.14,9,2023-12-24,w89rwelk
1xyd46wx,ewpppkyw,359.12,5,2023-12-23,w89rwelk
1xyd46wx,29vyy1q9,208.1,11,2023-12-19,w89rwelk
1xyd46wx,xd100vz9,348.81,4,2023-10-20,nzelreqp
1xyd46wx,y9meekzd,240.17,2,2023-10-20,nzelreqp
1xyd46wx,xd466vq9,350.88,4,2023-10-20,nzelreqp
1xyd46wx,kwjyyo0w,302.8,1,2023-10-20,nzelreqp
1xyd46wx,5d7776qd,362.52,2,2023-10-20,nzelreqp
1xyd46wx,r9gzzkjd,380.14,2,2023-10-20,nzelreqp
1xyd46wx,rdq006ow,279.94,1,2023-10-20,nzelreqp
1xyd46wx,ewpppkyw,367.46,2,2023-10-20,nzelreqp
1xyd46wx,o9x22m3w,209.9,1,2023-01-31,nzelreqp
1xyd46wx,495jjvmw,340.47,1,2023-01-31,nzelreqp
1xyd46wx,owokkgjd,234.4,2,2023-01-31,nzelreqp
1xyd46wx,592jjv7w,271.37,1,2023-01-31,nzelreqp
1xyd46wx,29vyy1q9,216.51,1,2023-01-31,nzelreqp
1xyd46wx,5wk22gvw,301.6,1,2022-04-19,nzelreqp
1xyd46wx,rw6vvkp9,322.02,1,2022-04-19,nzelreqp
8wkzer38,5wk22gvw,279.17,1,2025-01-29,w89rwelk
8wkzer38,y9meekzd,214.64,1,2024-05-31,w89rwelk
8wkzer38,5d7776qd,353.82,1,2024-05-25,w89rwelk
8wkzer38,r9gzzkjd,365.23,2,2024-05-24,w89rwelk
8wkzer38,495jjvmw,333.16,2,2024-05-12,w89rwelk
8wkzer38,xd466vq9,264.23,1,2024-03-10,w89rwelk
8wkzer38,rdq006ow,278.51,2,2023-11-03,w89rwelk
8wkzer38,592jjv7w,262.09,3,2023-07-08,w89rwelk
8wkzer38,kwjyyo0w,282.74,1,2023-03-27,w89rwelk
8wkzer38,owokkgjd,235.76,20,2023-03-17,w89rwelk
8wkzer38,o9x22m3w,214.28,48,2023-03-17,w89rwelk
8wkzer38,xd100vz9,318.71,15,2023-03-12,w89rwelk
8wkzer38,rw6vvkp9,325.12,25,2022-12-27,w89rwelk
8wkzer38,29vyy1q9,208.54,12,2022-10-11,w89rwelk
v814mkp8,xd100vz9,317.56,13,2024-05-21,w89rwelk
v814mkp8,rw6vvkp9,322.85,15,2024-04-16,w89rwelk
v814mkp8,xd466vq9,297.33,22,2024-02-02,w89rwelk
v814mkp8,5wk22gvw,293.21,18,2024-02-01,w89rwelk
v814mkp8,owokkgjd,234.21,8,2024-02-01,w89rwelk
v814mkp8,495jjvmw,336.2,7,2024-01-10,w89rwelk
v814mkp8,rdq006ow,283.81,17,2023-09-26,w89rwelk
v814mkp8,r9gzzkjd,374.05,19,2023-08-31,w89rwelk
v814mkp8,592jjv7w,265.36,11,2023-08-31,w89rwelk
v814mkp8,o9x22m3w,211.73,25,2023-08-07,w89rwelk
v814mkp8,29vyy1q9,214.75,33,2022-11-25,w89rwelk
v814mkp8,y9meekzd,236.16,11,2022-11-13,w89rwelk
v814mkp8,5d7776qd,358.76,11,2022-09-06,w89rwelk
v81ddq38,495jjvmw,332.19,1,2025-06-05,w89rwelk
v81ddq38,r9gzzkjd,368.23,3,2025-06-01,w89rwelk
v81ddq38,y9meekzd,235.03,10,2025-03-15,w89rwelk
v81ddq38,xd466vq9,277.06,2,2025-02-24,w89rwelk
v81ddq38,owokkgjd,234.82,16,2025-01-30,w89rwelk
v81ddq38,rw6vvkp9,321.32,11,2024-04-11,w89rwelk
v81ddq38,592jjv7w,265.66,13,2023-11-04,w89rwelk
v81ddq38,o9x22m3w,216.68,62,2023-05-24,w89rwelk
v81ddq38,5wk22gvw,292.89,17,2023-05-07,w89rwelk
jo2mr9n8,xd466vq9,332.7,49,2023-09-29,w89rwelk
jo2mr9n8,495jjvmw,339.2,20,2023-09-13,w89rwelk
jo2mr9n8,rdq006ow,284.1,19,2023-09-12,w89rwelk
jo2mr9n8,29vyy1q9,217.63,45,2022-05-21,w89rwelk
jo2mr9n8,592jjv7w,269.3,28,2022-05-21,w89rwelk
jo2mr9n8,y9meekzd,242.1,31,2022-05-21,w89rwelk
jo2mr9n8,o9x22m3w,215.23,54,2022-05-12,w89rwelk
zx77v7rx,5wk22gvw,288.63,7,2024-05-30,w89rwelk
zx77v7rx,rw6vvkp9,321.0,10,2024-05-27,w89rwelk
zx77v7rx,o9x22m3w,212.33,33,2024-05-26,w89rwelk
zx77v7rx,29vyy1q9,211.96,19,2024-05-04,w89rwelk
zx77v7rx,xd100vz9,317.2,12,2024-04-27,w89rwelk
zx77v7rx,y9meekzd,238.71,19,2024-04-25,w89rwelk
zx77v7rx,495jjvmw,338.3,18,2024-04-10,w89rwelk
zx77v7rx,xd466vq9,298.65,26,2024-03-27,w89rwelk
zx77v7rx,ewpppkyw,355.21,4,2024-03-16,w89rwelk
zx77v7rx,592jjv7w,261.73,2,2024-02-06,w89rwelk
zx77v7rx,r9gzzkjd,372.4,11,2023-02-09,w89rwelk
zx77v7rx,owokkgjd,234.7,14,2022-09-06,w89rwelk
zx77v7rx,rdq006ow,284.45,22,2022-03-19,w89rwelk
zx77v7rx,5d7776qd,357.73,10,2022-02-05,w89rwelk
pj0zz298,495jjvmw,338.5,19,2024-06-16,w89rwelk
pj0zz298,owokkgjd,238.23,35,2024-02-24,w89rwelk
pj0zz298,29vyy1q9,216.2,39,2024-02-24,w89rwelk
pj0zz298,o9x22m3w,216.9,64,2024-02-04,w89rwelk
pj0zz298,5d7776qd,360.56,22,2023-12-30,w89rwelk
pj0zz298,xd466vq9,289.17,13,2023-12-30,w89rwelk
pj0zz298,592jjv7w,269.1,25,2023-10-16,w89rwelk
pj0zz298,rdq006ow,285.51,32,2023-10-07,w89rwelk
pj0zz298,r9gzzkjd,377.75,31,2023-08-14,w89rwelk
pj0zz298,xd100vz9,319.3,17,2023-03-16,w89rwelk
pj0zz298,5wk22gvw,291.42,13,2022-11-17,w89rwelk
pj0zz298,y9meekzd,240.7,26,2022-11-14,w89rwelk
pj0zz298,rw6vvkp9,323.45,18,2022-11-14,w89rwelk
kj9yz0wx,xd466vq9,302.56,29,2023-11-09,w89rwelk
kj9yz0wx,r9gzzkjd,371.5,8,2023-09-07,w89rwelk
kj9yz0wx,495jjvmw,336.23,8,2023-07-14,w89rwelk
kj9yz0wx,o9x22m3w,213.66,45,2023-05-24,w89rwelk
kj9yz0wx,5wk22gvw,288.23,6,2023-05-01,w89rwelk
kj9yz0wx,5d7776qd,356.13,5,2023-03-20,w89rwelk
kj9yz0wx,xd100vz9,318.33,14,2022-07-10,w89rwelk
kj9yz0wx,owokkgjd,234.06,6,2022-02-27,w89rwelk
kj9yz0wx,y9meekzd,238.23,17,2022-02-10,w89rwelk
kj9yz0wx,rdq006ow,283.4,13,2021-11-28,w89rwelk
kj9yz0wx,592jjv7w,262.83,5,2021-10-31,w89rwelk
kj9yz0wx,rw6vvkp9,318.68,3,2021-08-27,w89rwelk
48gev4rj,r9gzzkjd,373.96,17,2023-11-10,w89rwelk
48gev4rj,xd466vq9,311.01,37,2023-10-18,w89rwelk
48gev4rj,29vyy1q9,214.28,28,2023-08-08,w89rwelk
48gev4rj,495jjvmw,341.1,27,2023-06-17,w89rwelk
48gev4rj,o9x22m3w,215.55,59,2023-06-05,w89rwelk
48gev4rj,5wk22gvw,292.26,16,2022-11-25,w89rwelk
48gev4rj,592jjv7w,266.2,17,2022-09-04,w89rwelk
48gev4rj,owokkgjd,237.76,32,2022-08-06,w89rwelk
48gev4rj,rw6vvkp9,321.95,12,2022-06-04,w89rwelk
48gev4rj,rdq006ow,285.71,34,2022-05-29,w89rwelk
48gev4rj,y9meekzd,240.53,25,2021-02-19,w89rwelk
48gev4rj,5d7776qd,359.28,15,2021-02-19,w89rwelk
48gev4rj,xd100vz9,316.98,10,2020-04-09,w89rwelk
kj9lkowj,y9meekzd,237.91,15,2024-02-09,w89rwelk
kj9lkowj,xd466vq9,302.76,30,2023-11-10,w89rwelk
kj9lkowj,5d7776qd,357.51,9,2023-11-04,w89rwelk
kj9lkowj,rw6vvkp9,324.7,23,2021-02-25,w89rwelk
kj9lkowj,5wk22gvw,294.42,21,2021-02-24,w89rwelk
kj9lkowj,rdq006ow,284.8,26,2021-02-24,w89rwelk
kj9lkowj,owokkgjd,235.74,19,2021-02-24,w89rwelk
kj9lkowj,r9gzzkjd,376.7,30,2016-11-21,w89rwelk
kj9lkowj,ewpppkyw,373.6,24,2016-11-20,w89rwelk
dx35192j,o9x22m3w,209.0,8,2022-12-28,w89rwelk
dx35192j,592jjv7w,270.26,31,2022-06-05,w89rwelk
dx35192j,5wk22gvw,297.2,29,2022-06-05,w89rwelk
8r7m4ldj,xd100vz9,318.95,16,2025-02-08,w89rwelk
8r7m4ldj,29vyy1q9,212.11,20,2025-02-08,w89rwelk
8r7m4ldj,kwjyyo0w,296.11,5,2025-02-08,w89rwelk
8r7m4ldj,xd466vq9,284.68,9,2025-02-08,w89rwelk
8r7m4ldj,5d7776qd,360.31,21,2025-02-08,w89rwelk
8r7m4ldj,5wk22gvw,298.66,36,2024-01-24,w89rwelk
8r7m4ldj,495jjvmw,343.38,32,2024-01-20,w89rwelk
8r7m4ldj,592jjv7w,272.15,35,2023-12-22,w89rwelk
8r7m4ldj,ewpppkyw,371.88,19,2023-12-22,w89rwelk
8r7m4ldj,owokkgjd,237.58,31,2023-12-22,w89rwelk
8r7m4ldj,rdq006ow,287.45,45,2023-12-21,w89rwelk
8r7m4ldj,y9meekzd,243.91,39,2023-12-21,w89rwelk
8r7m4ldj,o9x22m3w,211.46,23,2023-12-19,w89rwelk
8r7m4ldj,r9gzzkjd,379.05,36,2023-12-19,w89rwelk
8r7m4ldj,rw6vvkp9,326.33,27,2023-12-19,w89rwelk
jm3lqln8,29vyy1q9,205.9,1,2024-04-12,w89rwelk
jm3lqln8,ewpppkyw,364.26,5,2024-01-11,w89rwelk
jm3lqln8,rw6vvkp9,323.86,2,2024-01-11,w89rwelk
jm3lqln8,r9gzzkjd,379.43,5,2023-12-30,w89rwelk
jm3lqln8,rdq006ow,282.96,3,2023-12-26,w89rwelk
jm3lqln8,495jjvmw,337.36,4,2023-12-22,w89rwelk
kj92gmv8,rw6vvkp9,327.31,33,2024-03-05,w89rwelk
kj92gmv8,592jjv7w,270.48,32,2024-03-01,w89rwelk
kj92gmv8,xd100vz9,322.3,23,2024-02-13,w89rwelk
kj92gmv8,y9meekzd,242.4,33,2024-02-10,w89rwelk
kj92gmv8,xd466vq9,308.13,34,2024-02-07,w89rwelk
kj92gmv8,5d7776qd,364.26,30,2024-02-07,w89rwelk
kj92gmv8,owokkgjd,237.35,30,2024-01-22,w89rwelk
kj92gmv8,o9x22m3w,213.25,44,2023-08-29,w89rwelk
kj92gmv8,r9gzzkjd,376.23,28,2023-08-23,w89rwelk
kj92gmv8,rdq006ow,286.83,42,2023-08-14,w89rwelk
kj92gmv8,495jjvmw,339.71,21,2023-04-18,w89rwelk
kj92gmv8,5wk22gvw,296.09,25,2022-08-25,w89rwelk
kj92gmv8,29vyy1q9,215.26,35,2022-02-10,w89rwelk
7j40gpw8,29vyy1q9,206.33,6,2024-07-09,w89rwelk
7j40gpw8,495jjvmw,341.9,29,2023-08-08,w89rwelk
7j40gpw8,xd100vz9,315.31,7,2023-07-31,w89rwelk
7j40gpw8,kwjyyo0w,301.04,10,2023-07-31,w89rwelk
7j40gpw8,5d7776qd,362.95,26,2023-07-28,w89rwelk
7j40gpw8,owokkgjd,234.63,11,2023-07-27,w89rwelk
7j40gpw8,rw6vvkp9,324.03,21,2023-07-27,w89rwelk
7j40gpw8,rdq006ow,285.48,30,2023-07-27,w89rwelk
7j40gpw8,y9meekzd,238.33,18,2023-07-27,w89rwelk
7j40gpw8,r9gzzkjd,371.8,9,2023-07-27,w89rwelk
7j40gpw8,xd466vq9,337.33,51,2023-07-21,w89rwelk
7j40gpw8,o9x22m3w,208.36,6,2023-07-18,w89rwelk
7j40gpw8,5wk22gvw,293.43,19,2023-01-31,w89rwelk
7j40gpw8,592jjv7w,269.24,27,2022-06-11,w89rwelk
jmolpwo8,29vyy1q9,209.2,13,2025-04-30,w89rwelk
jmolpwo8,xd466vq9,280.53,3,2024-08-21,w89rwelk
jmolpwo8,5d7776qd,361.11,23,2024-08-21,w89rwelk
jmolpwo8,5wk22gvw,294.22,20,2024-08-20,w89rwelk
jmolpwo8,ewpppkyw,359.7,6,2024-08-18,w89rwelk
jmolpwo8,y9meekzd,241.78,30,2024-08-18,w89rwelk
jmolpwo8,495jjvmw,335.43,5,2024-08-17,w89rwelk
jmolpwo8,r9gzzkjd,372.78,12,2024-08-13,w89rwelk
jmolpwo8,592jjv7w,265.33,10,2024-08-02,w89rwelk
jmolpwo8,rdq006ow,280.41,5,2024-07-25,w89rwelk
jmolpwo8,kwjyyo0w,307.2,22,2024-02-01,w89rwelk
jmolpwo8,xd100vz9,325.83,30,2024-01-31,w89rwelk
jmolpwo8,rw6vvkp9,326.96,30,2024-01-31,w89rwelk
jmolpwo8,owokkgjd,234.8,15,2024-01-21,w89rwelk
jmolpwo8,o9x22m3w,207.36,4,2023-12-17,w89rwelk
jmolpwo8,29vyy1q9,211.66,3,2023-10-31,w89rwelk
jmolpwo8,5wk22gvw,296.65,4,2023-10-16,w89rwelk
jmolpwo8,rdq006ow,284.7,6,2023-10-14,w89rwelk
jmolpwo8,owokkgjd,233.7,2,2023-10-12,w89rwelk
jmolpwo8,o9x22m3w,213.68,9,2023-09-16,w89rwelk
jmolpwo8,ewpppkyw,362.78,4,2023-09-16,w89rwelk
jmolpwo8,rw6vvkp9,335.8,9,2023-09-16,w89rwelk
e8e6edj0,y9meekzd,240.4,23,2024-01-21,w89rwelk
e8e6edj0,5d7776qd,362.19,25,2024-01-20,w89rwelk
e8e6edj0,495jjvmw,337.87,16,2024-01-19,w89rwelk
e8e6edj0,r9gzzkjd,375.27,22,2024-01-19,w89rwelk
e8e6edj0,o9x22m3w,211.21,21,2024-01-18,w89rwelk
e8e6edj0,ewpppkyw,369.03,13,2024-01-18,w89rwelk
e8e6edj0,rdq006ow,284.65,24,2024-01-17,w89rwelk
e8e6edj0,owokkgjd,236.7,24,2024-01-16,w89rwelk
e8e6edj0,kwjyyo0w,302.13,15,2024-01-15,w89rwelk
e8e6edj0,xd100vz9,316.64,9,2024-01-14,w89rwelk
e8e6edj0,592jjv7w,267.36,20,2023-12-18,w89rwelk
e8e6edj0,rw6vvkp9,323.69,20,2023-12-18,w89rwelk
e8e6edj0,5wk22gvw,291.82,14,2023-12-17,w89rwelk
e8e6edj0,xd466vq9,281.94,5,2023-12-16,w89rwelk
e8e6edj0,29vyy1q9,214.64,31,2023-12-16,w89rwelk
qxk45r6j,5wk22gvw,297.63,31,2022-07-23,w89rwelk
qxk45r6j,xd466vq9,360.26,68,2022-07-03,w89rwelk
qxk45r6j,5d7776qd,359.1,14,2022-05-13,w89rwelk
qxk45r6j,29vyy1q9,215.76,37,2022-05-03,w89rwelk
qxk45r6j,o9x22m3w,217.16,66,2022-03-12,w89rwelk
qxk45r6j,rdq006ow,286.03,37,2022-02-26,w89rwelk
qxk45r6j,495jjvmw,336.76,13,2018-03-18,w89rwelk
qxk45r6j,y9meekzd,239.03,21,2017-10-27,w89rwelk
qxk45r6j,592jjv7w,273.8,42,2017-08-21,w89rwelk
qxk45r6j,rw6vvkp9,335.0,51,2017-08-18,w89rwelk
qxk45r6j,r9gzzkjd,378.91,34,2017-08-15,w89rwelk
qxk45r6j,owokkgjd,239.1,44,2017-07-10,w89rwelk
qxk45r6j,xd100vz9,338.8,46,2017-03-21,w89rwelk
zx76v0j7,rdq006ow,280.38,3,2024-02-25,w89rwelk
zx76v0j7,r9gzzkjd,372.07,10,2024-02-24,w89rwelk
zx76v0j7,o9x22m3w,212.04,29,2022-06-30,w89rwelk
zx76v0j7,495jjvmw,340.96,26,2021-07-06,w89rwelk
zx76v0j7,y9meekzd,239.8,22,2021-02-22,w89rwelk
zx76v0j7,5wk22gvw,296.2,26,2021-02-22,w89rwelk
zx76v0j7,5d7776qd,359.07,13,2021-02-21,w89rwelk
zx76v0j7,592jjv7w,267.6,21,2020-11-29,w89rwelk
zx76v0j7,owokkgjd,234.5,10,2020-03-11,w89rwelk
zx76v0j7,xd100vz9,320.92,19,2020-02-23,w89rwelk
zx76v0j7,rw6vvkp9,324.66,22,2020-01-07,w89rwelk
zx76v0j7,29vyy1q9,214.04,24,2019-01-29,w89rwelk
zx76v0j7,kwjyyo0w,310.77,25,2017-07-01,w89rwelk
18q3zwqj,y9meekzd,246.06,47,2023-08-10,w89rwelk
18q3zwqj,owokkgjd,240.96,59,2023-07-26,w89rwelk
18q3zwqj,r9gzzkjd,383.33,48,2023-07-01,w89rwelk
18q3zwqj,495jjvmw,350.7,54,2023-05-27,w89rwelk
98rp5e6j,5wk22gvw,289.42,10,2021-12-07,w89rwelk
98rp5e6j,y9meekzd,236.56,12,2021-10-13,w89rwelk
98rp5e6j,xd100vz9,312.44,4,2021-09-30,w89rwelk
98rp5e6j,owokkgjd,234.06,1,2021-03-23,nzelreqp
98rp5e6j,xd100vz9,335.56,2,2021-03-23,nzelreqp
98rp5e6j,ewpppkyw,358.16,1,2021-03-23,nzelreqp
98rp5e6j,5d7776qd,360.16,19,2021-02-19,w89rwelk
98rp5e6j,495jjvmw,333.63,3,2021-01-11,w89rwelk
98rp5e6j,rw6vvkp9,322.28,13,2020-12-10,w89rwelk
98rp5e6j,xd466vq9,341.74,53,2020-12-10,w89rwelk
98rp5e6j,y9meekzd,243.5,3,2019-06-06,nzelreqp
98rp5e6j,592jjv7w,265.66,13,2019-03-28,w89rwelk
j0n10kw8,29vyy1q9,216.7,41,2024-01-29,w89rwelk
j0n10kw8,592jjv7w,275.76,45,2024-01-29,w89rwelk
j0n10kw8,xd100vz9,325.48,29,2024-01-29,w89rwelk
j0n10kw8,5wk22gvw,297.5,30,2024-01-29,w89rwelk
j0n10kw8,495jjvmw,345.0,36,2024-01-29,w89rwelk
j0n10kw8,rdq006ow,286.46,41,2024-01-29,w89rwelk
j0n10kw8,owokkgjd,239.03,43,2024-01-20,w89rwelk
j0n10kw8,r9gzzkjd,378.63,33,2024-01-20,w89rwelk
j0n10kw8,ewpppkyw,370.8,18,2024-01-20,w89rwelk
j0n10kw8,5d7776qd,368.21,35,2024-01-20,w89rwelk
j0n10kw8,rw6vvkp9,325.98,26,2024-01-20,w89rwelk
j0n10kw8,kwjyyo0w,315.46,34,2024-01-20,w89rwelk
j0n10kw8,xd466vq9,297.73,24,2024-01-20,w89rwelk
j0n10kw8,y9meekzd,244.38,42,2024-01-20,w89rwelk
j0n10kw8,o9x22m3w,209.71,13,2023-12-17,w89rwelk
8v5253yj,495jjvmw,333.16,2,2024-08-21,w89rwelk
8v5253yj,xd466vq9,282.78,2,2024-08-13,w89rwelk
8v5253yj,592jjv7w,268.04,1,2024-08-07,w89rwelk
8v5253yj,rdq006ow,280.61,1,2024-07-26,w89rwelk
8v5253yj,5wk22gvw,293.86,1,2024-06-07,w89rwelk
8v5253yj,ewpppkyw,350.66,1,2024-04-26,w89rwelk
8v5253yj,29vyy1q9,210.06,2,2024-04-07,w89rwelk
8v5253yj,y9meekzd,226.78,1,2024-03-24,w89rwelk
8v5253yj,o9x22m3w,210.08,3,2024-03-24,w89rwelk
8v5253yj,kwjyyo0w,299.33,1,2024-03-02,w89rwelk
8v5253yj,xd100vz9,323.9,1,2024-02-29,w89rwelk
8v5253yj,owokkgjd,232.01,1,2024-02-26,w89rwelk
8v5253yj,rw6vvkp9,322.23,1,2024-02-13,w89rwelk
8v5253yj,r9gzzkjd,372.18,1,2024-01-29,w89rwelk
8v5253yj,5d7776qd,357.16,1,2024-01-20,w89rwelk
zx7gnyx7,29vyy1q9,203.67,2,2024-11-07,w89rwelk
zx7gnyx7,o9x22m3w,204.97,1,2024-09-10,w89rwelk
zx7gnyx7,495jjvmw,340.66,23,2024-02-29,w89rwelk
zx7gnyx7,5wk22gvw,299.23,37,2024-02-25,w89rwelk
zx7gnyx7,5d7776qd,370.2,40,2024-01-28,w89rwelk
zx7gnyx7,rdq006ow,283.7,16,2024-01-27,w89rwelk
zx7gnyx7,xd466vq9,324.86,47,2023-11-11,w89rwelk
zx7gnyx7,y9meekzd,246.86,51,2023-11-09,w89rwelk
zx7gnyx7,r9gzzkjd,375.43,25,2023-10-15,w89rwelk
zx7gnyx7,xd100vz9,324.43,26,2023-10-09,w89rwelk
zx7gnyx7,owokkgjd,234.66,12,2023-10-06,w89rwelk
zx7gnyx7,rw6vvkp9,326.43,28,2023-10-04,w89rwelk
zx7gnyx7,592jjv7w,269.13,26,2023-10-04,w89rwelk
qj2w3rpj,495jjvmw,346.97,43,2024-06-14,w89rwelk
qj2w3rpj,rdq006ow,284.55,23,2024-05-19,w89rwelk
qj2w3rpj,owokkgjd,237.9,33,2024-04-13,w89rwelk
qj2w3rpj,5d7776qd,359.85,18,2024-04-13,w89rwelk
qj2w3rpj,xd100vz9,323.45,24,2024-03-23,w89rwelk
qj2w3rpj,o9x22m3w,215.48,58,2024-02-13,w89rwelk
qj2w3rpj,xd466vq9,312.74,39,2024-02-09,w89rwelk
qj2w3rpj,29vyy1q9,217.45,44,2024-02-08,w89rwelk
qj2w3rpj,r9gzzkjd,380.81,40,2024-02-06,w89rwelk
qj2w3rpj,rw6vvkp9,319.48,8,2023-12-16,w89rwelk
qj2w3rpj,592jjv7w,265.96,16,2023-12-16,w89rwelk
qj2w3rpj,5wk22gvw,291.15,12,2023-12-06,w89rwelk
qj2w3rpj,y9meekzd,245.03,44,2022-04-30,w89rwelk
jo3v1n0j,495jjvmw,348.16,47,2024-02-10,w89rwelk
jo3v1n0j,r9gzzkjd,380.5,39,2024-02-10,w89rwelk
jo3v1n0j,xd466vq9,294.71,18,2024-02-09,w89rwelk
jo3v1n0j,29vyy1q9,214.66,32,2024-02-08,w89rwelk
jo3v1n0j,rw6vvkp9,332.21,42,2024-02-04,w89rwelk
jo3v1n0j,592jjv7w,270.05,30,2024-02-04,w89rwelk
jo3v1n0j,5wk22gvw,297.73,33,2024-02-02,w89rwelk
jo3v1n0j,y9meekzd,241.21,29,2024-01-30,w89rwelk
jo3v1n0j,ewpppkyw,370.2,16,2024-01-28,w89rwelk
jo3v1n0j,xd100vz9,324.33,25,2024-01-24,w89rwelk
jo3v1n0j,owokkgjd,239.45,49,2024-01-23,w89rwelk
jo3v1n0j,kwjyyo0w,304.75,19,2024-01-22,w89rwelk
jo3v1n0j,5d7776qd,370.76,42,2024-01-19,w89rwelk
jo3v1n0j,rdq006ow,286.0,36,2024-01-06,w89rwelk
jo3v1n0j,o9x22m3w,212.4,34,2024-01-05,w89rwelk
8lr0m1v8,29vyy1q9,214.1,25,2025-05-07,w89rwelk
8lr0m1v8,kwjyyo0w,301.53,11,2025-04-14,w89rwelk
8lr0m1v8,xd466vq9,289.36,14,2025-04-13,w89rwelk
8lr0m1v8,rw6vvkp9,323.16,17,2025-04-12,w89rwelk
8lr0m1v8,592jjv7w,268.3,22,2025-04-12,w89rwelk
8lr0m1v8,5wk22gvw,294.7,22,2025-04-11,w89rwelk
8lr0m1v8,xd100vz9,320.16,18,2025-04-11,w89rwelk
8lr0m1v8,y9meekzd,238.16,16,2025-04-11,w89rwelk
8lr0m1v8,owokkgjd,237.0,25,2025-04-10,w89rwelk
8lr0m1v8,5d7776qd,359.83,16,2025-04-10,w89rwelk
8lr0m1v8,495jjvmw,336.73,12,2025-04-10,w89rwelk
8lr0m1v8,r9gzzkjd,370.8,6,2025-04-10,w89rwelk
8lr0m1v8,o9x22m3w,211.27,22,2024-01-07,w89rwelk
8lr0m1v8,ewpppkyw,362.49,9,2023-12-22,w89rwelk
8lr0m1v8,rdq006ow,283.58,14,2023-12-21,w89rwelk
1xyl49zj,rw6vvkp9,336.13,10,2021-03-10,w89rwelk
1xyl49zj,5d7776qd,368.53,6,2021-03-10,w89rwelk
1xyl49zj,5wk22gvw,300.93,6,2021-03-06,w89rwelk
98rl4w38,29vyy1q9,216.96,42,2024-01-19,w89rwelk
98rl4w38,592jjv7w,272.96,38,2024-01-19,w89rwelk
98rl4w38,5wk22gvw,301.5,39,2024-01-19,w89rwelk
98rl4w38,y9meekzd,243.36,36,2024-01-19,w89rwelk
98rl4w38,xd100vz9,334.13,42,2024-01-19,w89rwelk
98rl4w38,kwjyyo0w,313.5,29,2024-01-19,w89rwelk
98rl4w38,5d7776qd,371.13,44,2024-01-19,w89rwelk
98rl4w38,rdq006ow,286.13,39,2024-01-19,w89rwelk
98rl4w38,o9x22m3w,210.33,17,2024-01-19,w89rwelk
98rl4w38,r9gzzkjd,382.26,45,2024-01-19,w89rwelk
98rl4w38,owokkgjd,238.46,37,2023-12-31,w89rwelk
98rl4w38,495jjvmw,345.4,37,2023-12-31,w89rwelk
98rl4w38,ewpppkyw,372.76,21,2023-12-31,w89rwelk
98rl4w38,rw6vvkp9,332.56,44,2023-12-31,w89rwelk
98rl4w38,xd466vq9,291.56,16,2023-12-31,w89rwelk
qjor2nj6,29vyy1q9,219.86,3,2024-01-23,nzelreqp
qjor2nj6,xd100vz9,342.36,3,2024-01-21,nzelreqp
qjor2nj6,592jjv7w,276.0,3,2024-01-21,nzelreqp
qjor2nj6,xd466vq9,292.38,2,2024-01-18,nzelreqp
qjor2nj6,495jjvmw,343.26,2,2024-01-18,nzelreqp
qjor2nj6,owokkgjd,238.26,4,2024-01-18,nzelreqp
qjor2nj6,r9gzzkjd,392.53,4,2024-01-18,nzelreqp
qjor2nj6,o9x22m3w,214.43,3,2024-01-11,nzelreqp
qjor2nj6,kwjyyo0w,308.03,2,2024-01-11,nzelreqp
qjor2nj6,5wk22gvw,303.91,2,2024-01-11,nzelreqp
qjor2nj6,rdq006ow,286.26,3,2024-01-06,nzelreqp
qjor2nj6,5d7776qd,370.93,3,2024-01-05,nzelreqp
qjor2nj6,rw6vvkp9,340.6,3,2024-01-05,nzelreqp
qjor2nj6,y9meekzd,249.65,5,2024-01-03,nzelreqp
qjor2nj6,ewpppkyw,369.35,3,2024-01-03,nzelreqp
j5vgqlw8,29vyy1q9,210.93,15,2025-04-18,w89rwelk
j5vgqlw8,5wk22gvw,289.4,9,2025-04-15,w89rwelk
j5vgqlw8,y9meekzd,237.4,14,2025-04-12,w89rwelk
j5vgqlw8,592jjv7w,266.2,17,2025-04-11,w89rwelk
j5vgqlw8,rw6vvkp9,320.03,9,2025-04-08,w89rwelk
j5vgqlw8,rdq006ow,285.58,33,2023-10-02,w89rwelk
j5vgqlw8,owokkgjd,237.26,28,2023-10-01,w89rwelk
j5vgqlw8,495jjvmw,351.13,55,2022-12-09,w89rwelk
j5vgqlw8,xd100vz9,321.46,21,2022-11-01,w89rwelk
j5vgqlw8,5d7776qd,372.83,47,2022-09-24,w89rwelk
j5vgqlw8,r9gzzkjd,388.48,60,2022-09-22,w89rwelk
j5vgqlw8,o9x22m3w,217.71,69,2022-08-10,w89rwelk
kjp9p28q,29vyy1q9,213.46,5,2022-05-07,w89rwelk
kjp9p28q,xd100vz9,324.2,2,2022-02-22,w89rwelk
kjp9p28q,r9gzzkjd,381.96,7,2022-02-12,w89rwelk
kjp9p28q,592jjv7w,272.86,5,2022-02-11,w89rwelk
kjp9p28q,y9meekzd,238.43,3,2022-01-01,w89rwelk
kjp9p28q,495jjvmw,345.4,9,2020-02-04,w89rwelk
kjp9p28q,xd466vq9,357.96,9,2020-02-04,w89rwelk
j03z503j,kwjyyo0w,301.86,14,2023-03-04,w89rwelk
j03z503j,owokkgjd,238.73,40,2022-06-12,w89rwelk
j03z503j,rdq006ow,287.5,46,2022-06-01,w89rwelk
j03z503j,5wk22gvw,297.76,34,2022-05-30,w89rwelk
j03z503j,xd466vq9,348.63,59,2022-05-28,w89rwelk
j03z503j,29vyy1q9,217.9,46,2022-05-19,w89rwelk
j03z503j,xd100vz9,321.96,22,2022-05-13,w89rwelk
j03z503j,592jjv7w,263.7,7,2022-04-20,w89rwelk
j03z503j,5d7776qd,364.46,31,2022-04-18,w89rwelk
j03z503j,ewpppkyw,368.13,11,2022-04-17,w89rwelk
j03z503j,rw6vvkp9,327.6,35,2022-04-14,w89rwelk
pj0l653j,r9gzzkjd,375.9,27,2024-01-27,w89rwelk
pj0l653j,592jjv7w,262.1,4,2024-01-25,w89rwelk
pj0l653j,ewpppkyw,354.6,2,2024-01-22,w89rwelk
pj0l653j,kwjyyo0w,297.7,6,2024-01-20,w89rwelk
pj0l653j,y9meekzd,231.26,4,2024-01-20,w89rwelk
pj0l653j,5d7776qd,356.48,6,2024-01-18,w89rwelk
pj0l653j,rdq006ow,280.4,4,2024-01-11,w89rwelk
pj0l653j,495jjvmw,335.66,6,2024-01-08,w89rwelk
pj0l653j,xd100vz9,317.11,11,2024-01-04,w89rwelk
pj0l653j,rw6vvkp9,318.93,5,2023-12-28,w89rwelk
pj0l653j,5wk22gvw,296.75,27,2023-12-27,w89rwelk
pj0l653j,xd466vq9,287.35,11,2023-12-23,w89rwelk
pj0l653j,owokkgjd,234.13,7,2023-12-20,w89rwelk
pj0l653j,29vyy1q9,211.55,18,2023-12-18,w89rwelk
pj0l653j,o9x22m3w,209.18,10,2023-12-16,w89rwelk
qxk3o980,5wk22gvw,288.9,8,2022-04-24,w89rwelk
qxk3o980,xd466vq9,349.66,61,2022-04-24,w89rwelk
qxk3o980,y9meekzd,240.4,23,2022-04-02,w89rwelk
qxk3o980,o9x22m3w,212.69,37,2022-02-25,w89rwelk
qxk3o980,495jjvmw,347.03,44,2022-02-20,w89rwelk
qxk3o980,rdq006ow,285.03,27,2022-02-16,w89rwelk
qxk3o980,5d7776qd,359.83,16,2022-02-09,w89rwelk
qxk3o980,owokkgjd,233.86,5,2022-01-03,w89rwelk
qxk3o980,29vyy1q9,207.56,9,2021-12-31,w89rwelk
qxk3o980,xd100vz9,313.96,6,2021-12-28,w89rwelk
jpmk03yj,29vyy1q9,222.1,62,2022-08-09,w89rwelk
jpmk03yj,o9x22m3w,216.2,61,2022-08-03,w89rwelk
v8lgdovj,ewpppkyw,347.73,1,2024-04-26,w89rwelk
v8lgdovj,xd100vz9,321.4,20,2024-04-23,w89rwelk
v8lgdovj,owokkgjd,234.96,18,2024-04-21,w89rwelk
v8lgdovj,r9gzzkjd,372.83,13,2024-04-19,w89rwelk
v8lgdovj,kwjyyo0w,298.18,7,2024-04-17,w89rwelk
18q9317j,r9gzzkjd,383.23,47,2022-07-02,w89rwelk
18q9317j,xd100vz9,330.4,38,2022-07-01,w89rwelk
18q9317j,o9x22m3w,220.3,88,2022-06-16,w89rwelk
8e6vr17j,495jjvmw,329.96,1,2024-08-16,w89rwelk
8e6vr17j,xd466vq9,276.2,1,2024-08-08,w89rwelk
8e6vr17j,rdq006ow,283.65,5,2024-07-25,w89rwelk
8e6vr17j,kwjyyo0w,310.38,5,2024-07-18,w89rwelk
8e6vr17j,ewpppkyw,360.2,3,2024-07-14,w89rwelk
8e6vr17j,5wk22gvw,294.96,2,2024-01-31,w89rwelk
8e6vr17j,rw6vvkp9,326.06,4,2024-01-28,w89rwelk
8e6vr17j,29vyy1q9,213.83,7,2024-01-26,w89rwelk
8e6vr17j,r9gzzkjd,378.71,3,2024-01-25,w89rwelk
8e6vr17j,5d7776qd,366.08,4,2024-01-24,w89rwelk
8e6vr17j,y9meekzd,240.91,4,2024-01-19,w89rwelk
8e6vr17j,owokkgjd,237.33,8,2024-01-15,w89rwelk
8e6vr17j,o9x22m3w,211.16,5,2024-01-15,w89rwelk
8e6vr17j,592jjv7w,270.28,2,2024-01-11,w89rwelk
8e6vr17j,xd100vz9,339.6,4,2023-12-22,w89rwelk
zxzpz50j,5wk22gvw,301.96,43,2019-03-25,w89rwelk
v816eo5x,xd466vq9,310.74,36,2024-01-05,w89rwelk
v816eo5x,rw6vvkp9,332.33,43,2024-01-05,w89rwelk
v816eo5x,592jjv7w,277.57,51,2024-01-05,w89rwelk
v816eo5x,5wk22gvw,303.16,46,2024-01-05,w89rwelk
v816eo5x,o9x22m3w,213.18,43,2024-01-02,w89rwelk
v816eo5x,ewpppkyw,373.3,23,2024-01-02,w89rwelk
v816eo5x,5d7776qd,370.33,41,2024-01-01,w89rwelk
v816eo5x,xd100vz9,327.59,35,2024-01-01,w89rwelk
v816eo5x,owokkgjd,239.17,46,2023-12-22,w89rwelk
v816eo5x,y9meekzd,245.71,46,2023-12-20,w89rwelk
v816eo5x,kwjyyo0w,315.85,35,2023-12-19,w89rwelk
v816eo5x,rdq006ow,285.48,30,2023-12-18,w89rwelk
v816eo5x,495jjvmw,350.21,52,2023-12-18,w89rwelk
v816eo5x,r9gzzkjd,379.04,35,2023-12-17,w89rwelk
v816eo5x,29vyy1q9,220.58,55,2023-12-16,w89rwelk
xyreddzj,592jjv7w,277.31,49,2023-12-23,w89rwelk
xyreddzj,o9x22m3w,213.05,41,2023-12-20,w89rwelk
xyreddzj,owokkgjd,239.16,45,2023-12-20,w89rwelk
xyreddzj,r9gzzkjd,378.41,32,2023-12-19,w89rwelk
xyreddzj,29vyy1q9,221.45,60,2023-12-19,w89rwelk
8q316z7j,29vyy1q9,214.14,26,2025-05-19,w89rwelk
8q316z7j,xd100vz9,325.19,28,2025-03-28,w89rwelk
8q316z7j,rw6vvkp9,326.72,29,2025-02-21,w89rwelk
8q316z7j,592jjv7w,273.13,40,2025-02-08,w89rwelk
8q316z7j,5d7776qd,364.23,29,2025-02-02,w89rwelk
8q316z7j,kwjyyo0w,299.13,8,2024-04-30,w89rwelk
8q316z7j,owokkgjd,238.6,39,2024-04-26,w89rwelk
8q316z7j,rdq006ow,287.88,52,2024-04-20,w89rwelk
8q316z7j,495jjvmw,344.61,34,2024-04-20,w89rwelk
8q316z7j,o9x22m3w,212.27,32,2024-04-20,w89rwelk
8q316z7j,r9gzzkjd,379.84,38,2024-04-20,w89rwelk
jpm2m44j,5d7776qd,360.96,2,2025-06-02,w89rwelk
jpm2m44j,ewpppkyw,358.56,2,2025-05-28,w89rwelk
jpm2m44j,o9x22m3w,214.13,12,2025-03-17,w89rwelk
jpm2m44j,592jjv7w,278.2,7,2024-12-17,w89rwelk
jpm2m44j,rw6vvkp9,331.8,6,2024-12-17,w89rwelk
jpm2m44j,5wk22gvw,297.26,5,2024-11-28,w89rwelk
jpm2m44j,r9gzzkjd,384.53,9,2024-04-16,w89rwelk
jpm2m44j,owokkgjd,240.66,12,2024-02-10,w89rwelk
jpm2m44j,xd466vq9,287.76,3,2024-01-31,w89rwelk
jpm2m44j,495jjvmw,339.33,5,2024-01-22,w89rwelk
jpm2m44j,kwjyyo0w,318.72,10,2024-01-18,w89rwelk
jpm2m44j,29vyy1q9,219.76,9,2024-01-11,w89rwelk
jpm2m44j,rdq006ow,286.33,9,2024-01-08,w89rwelk
jpm2m44j,y9meekzd,246.16,5,2023-12-28,w89rwelk
jpm2m44j,xd100vz9,343.5,5,2023-12-16,w89rwelk
18vkpkyj,29vyy1q9,222.9,64,2023-05-22,w89rwelk
18vkpkyj,592jjv7w,278.3,53,2023-05-21,w89rwelk
18vkpkyj,5wk22gvw,302.66,45,2023-05-21,w89rwelk
18vkpkyj,owokkgjd,242.13,61,2023-05-18,w89rwelk
18vkpkyj,495jjvmw,349.1,50,2023-05-17,w89rwelk
18vkpkyj,rdq006ow,288.36,58,2023-05-05,w89rwelk
18vkpkyj,5d7776qd,374.06,51,2023-03-19,w89rwelk
18vkpkyj,xd466vq9,365.86,71,2023-03-18,w89rwelk
18vkpkyj,o9x22m3w,217.8,71,2023-03-01,w89rwelk
18vkpkyj,xd100vz9,333.53,41,2023-03-01,w89rwelk
18vkpkyj,rw6vvkp9,328.0,36,2023-02-14,w89rwelk
18vkpkyj,r9gzzkjd,386.23,51,2023-02-06,w89rwelk
8d4ywn58,xd466vq9,295.96,20,2024-01-26,w89rwelk
8d4ywn58,kwjyyo0w,301.61,12,2024-01-26,w89rwelk
8d4ywn58,y9meekzd,242.72,34,2024-01-25,w89rwelk
8d4ywn58,r9gzzkjd,373.84,16,2024-01-25,w89rwelk
8d4ywn58,29vyy1q9,214.94,34,2024-01-22,w89rwelk
8d4ywn58,592jjv7w,272.52,36,2024-01-22,w89rwelk
8d4ywn58,rw6vvkp9,331.84,41,2024-01-22,w89rwelk
8d4ywn58,5wk22gvw,297.67,32,2024-01-22,w89rwelk
8d4ywn58,ewpppkyw,363.14,10,2024-01-22,w89rwelk
8d4ywn58,5d7776qd,365.89,33,2024-01-22,w89rwelk
8d4ywn58,rdq006ow,287.58,50,2024-01-22,w89rwelk
8d4ywn58,owokkgjd,236.05,22,2024-01-22,w89rwelk
8d4ywn58,xd100vz9,326.92,33,2024-01-22,w89rwelk
8d4ywn58,495jjvmw,345.82,41,2024-01-22,w89rwelk
8d4ywn58,o9x22m3w,212.46,35,2024-01-22,w89rwelk
5j5w6qnj,495jjvmw,350.23,53,2023-04-16,w89rwelk
5j5w6qnj,r9gzzkjd,386.33,52,2023-04-09,w89rwelk
5j5w6qnj,592jjv7w,280.26,59,2022-12-10,w89rwelk
5j5w6qnj,o9x22m3w,224.03,101,2022-12-06,w89rwelk
5j5w6qnj,rdq006ow,289.93,67,2022-09-27,w89rwelk
xzld0398,r9gzzkjd,388.43,59,2022-05-30,w89rwelk
18vk21yj,592jjv7w,265.8,15,2024-01-16,w89rwelk
18vk21yj,o9x22m3w,210.16,14,2024-01-13,w89rwelk
18vk21yj,495jjvmw,336.7,11,2024-01-12,w89rwelk
18vk21yj,ewpppkyw,354.6,2,2024-01-09,w89rwelk
18vk21yj,rw6vvkp9,322.4,14,2024-01-06,w89rwelk
18vk21yj,kwjyyo0w,300.0,9,2024-01-01,w89rwelk
18vk21yj,rdq006ow,281.46,8,2023-12-29,w89rwelk
18vk21yj,r9gzzkjd,376.57,29,2018-01-25,w89rwelk
kjpqrr4x,rdq006ow,276.37,1,2023-11-23,w89rwelk
kjpqrr4x,o9x22m3w,209.54,11,2022-09-03,w89rwelk
kjpqrr4x,29vyy1q9,214.49,30,2022-08-13,w89rwelk
kjpqrr4x,kwjyyo0w,307.04,21,2022-08-11,w89rwelk
kjpqrr4x,xd466vq9,346.44,55,2022-07-28,w89rwelk
kjpqrr4x,owokkgjd,234.9,17,2022-07-20,w89rwelk
kjpqrr4x,495jjvmw,336.56,9,2020-06-06,w89rwelk
kjpqrr4x,592jjv7w,265.19,9,2020-04-29,w89rwelk
kjpqrr4x,rw6vvkp9,322.92,16,2019-02-10,w89rwelk
kjpqrr4x,xd100vz9,328.39,36,2018-04-29,w89rwelk
0jmo9zn8,xd466vq9,296.6,21,2023-09-21,w89rwelk
pj0v59xw,rw6vvkp9,330.0,38,2024-03-04,w89rwelk
pj0v59xw,xd466vq9,323.83,46,2024-02-20,w89rwelk
pj0v59xw,29vyy1q9,219.4,51,2024-01-02,w89rwelk
pj0v59xw,5wk22gvw,307.26,58,2024-01-02,w89rwelk
pj0v59xw,y9meekzd,246.13,48,2023-12-26,w89rwelk
pj0v59xw,o9x22m3w,216.7,63,2023-12-15,w89rwelk
pj0v59xw,495jjvmw,344.1,33,2023-11-12,w89rwelk
pj0v59xw,rdq006ow,287.2,43,2023-06-13,w89rwelk
pj0v59xw,592jjv7w,275.7,44,2023-05-21,w89rwelk
pj0v59xw,xd100vz9,334.26,44,2023-05-02,w89rwelk
pj0v59xw,owokkgjd,240.0,52,2023-04-30,w89rwelk
pj0v59xw,r9gzzkjd,382.13,44,2022-11-08,w89rwelk
x353dr7j,xd466vq9,356.36,5,2023-07-26,nzelreqp
qxkm6mj0,rdq006ow,283.04,12,2024-01-27,w89rwelk
qxkm6mj0,xd466vq9,298.69,27,2024-01-25,w89rwelk
qxkm6mj0,kwjyyo0w,303.16,18,2024-01-19,w89rwelk
qxkm6mj0,xd100vz9,327.26,34,2024-01-16,w89rwelk
qxkm6mj0,rw6vvkp9,327.09,31,2024-01-13,w89rwelk
qxkm6mj0,592jjv7w,268.36,23,2024-01-12,w89rwelk
qxkm6mj0,o9x22m3w,211.94,27,2024-01-11,w89rwelk
qxkm6mj0,ewpppkyw,370.37,17,2024-01-10,w89rwelk
qxkm6mj0,495jjvmw,342.07,30,2024-01-09,w89rwelk
qxkm6mj0,5d7776qd,361.62,24,2024-01-03,w89rwelk
qxkm6mj0,y9meekzd,242.34,32,2023-12-23,w89rwelk
qxkm6mj0,r9gzzkjd,369.0,4,2023-02-08,w89rwelk
qxkm6mj0,owokkgjd,236.13,23,2023-01-21,w89rwelk
qxkm6mj0,5wk22gvw,295.72,23,2022-11-30,w89rwelk
qxkm6mj0,29vyy1q9,212.57,21,2022-09-13,w89rwelk
v8lem77x,5d7776qd,363.43,28,2024-03-21,w89rwelk
v8lem77x,495jjvmw,345.56,38,2024-01-20,w89rwelk
v8lem77x,xd466vq9,295.1,19,2024-01-19,w89rwelk
v8lem77x,29vyy1q9,216.16,38,2024-01-19,w89rwelk
v8lem77x,rw6vvkp9,327.16,32,2024-01-19,w89rwelk
v8lem77x,592jjv7w,271.53,34,2024-01-19,w89rwelk
v8lem77x,5wk22gvw,297.13,28,2024-01-19,w89rwelk
v8lem77x,y9meekzd,243.8,38,2024-01-19,w89rwelk
v8lem77x,ewpppkyw,372.8,22,2024-01-19,w89rwelk
v8lem77x,xd100vz9,328.53,37,2024-01-19,w89rwelk
v8lem77x,owokkgjd,239.23,47,2024-01-19,w89rwelk
v8lem77x,kwjyyo0w,307.2,22,2024-01-19,w89rwelk
v8lem77x,rdq006ow,285.86,35,2024-01-19,w89rwelk
v8lem77x,o9x22m3w,213.06,42,2024-01-19,w89rwelk
v8lem77x,r9gzzkjd,379.43,37,2024-01-19,w89rwelk
jp4q645j,rw6vvkp9,334.1,47,2025-04-08,w89rwelk
jp4q645j,5wk22gvw,305.16,49,2025-04-08,w89rwelk
jp4q645j,xd100vz9,342.33,53,2025-03-09,w89rwelk
jp4q645j,owokkgjd,243.46,63,2024-08-21,w89rwelk
jp4q645j,r9gzzkjd,387.06,55,2024-06-04,w89rwelk
jp4q645j,592jjv7w,282.4,66,2024-04-10,w89rwelk
jp4q645j,5d7776qd,375.0,52,2024-03-07,w89rwelk
jp4q645j,y9meekzd,253.03,67,2024-01-30,w89rwelk
jp4q645j,kwjyyo0w,323.3,48,2024-01-30,w89rwelk
jp4q645j,xd466vq9,312.2,38,2024-01-21,w89rwelk
jp4q645j,ewpppkyw,386.76,32,2024-01-19,w89rwelk
jp4q645j,rdq006ow,287.96,54,2024-01-13,w89rwelk
jp4q645j,495jjvmw,351.86,60,2024-01-11,w89rwelk
jp4q645j,o9x22m3w,220.3,88,2024-01-06,w89rwelk
jp4q645j,29vyy1q9,220.56,54,2023-12-22,w89rwelk
pj02nmw8,rdq006ow,288.18,55,2015-02-17,w89rwelk
5j52e9qj,rw6vvkp9,327.42,34,2018-04-03,w89rwelk
5j52e9qj,592jjv7w,268.93,24,2016-10-18,w89rwelk
5j52e9qj,y9meekzd,244.31,41,2016-04-04,w89rwelk
5j52e9qj,5wk22gvw,305.43,51,2015-03-11,w89rwelk
5j52e9qj,xd466vq9,369.9,77,2013-02-25,w89rwelk
5j52e9qj,29vyy1q9,235.36,99,2012-08-23,w89rwelk
v8lq4k7x,r9gzzkjd,362.96,1,2024-05-26,w89rwelk
v8lq4k7x,5d7776qd,370.8,43,2024-01-07,w89rwelk
v8lq4k7x,rdq006ow,285.35,29,2024-01-07,w89rwelk
v8lq4k7x,495jjvmw,342.97,31,2024-01-06,w89rwelk
v8lq4k7x,o9x22m3w,212.21,31,2024-01-06,w89rwelk
v8lq4k7x,y9meekzd,240.72,27,2022-04-26,w89rwelk
v8lq4k7x,5wk22gvw,303.2,47,2022-04-23,w89rwelk
0jm7n3nj,xd466vq9,343.91,54,2019-02-21,w89rwelk
0jm7n3nj,rdq006ow,282.04,9,2018-11-08,w89rwelk
y8d2v2mj,y9meekzd,236.58,13,2024-01-31,w89rwelk
y8d2v2mj,ewpppkyw,369.96,15,2024-01-31,w89rwelk
y8d2v2mj,r9gzzkjd,381.6,41,2024-01-31,w89rwelk
y8d2v2mj,592jjv7w,271.21,33,2024-01-29,w89rwelk
y8d2v2mj,kwjyyo0w,305.0,20,2024-01-28,w89rwelk
y8d2v2mj,5wk22gvw,295.8,24,2024-01-27,w89rwelk
y8d2v2mj,29vyy1q9,206.91,8,2024-01-24,w89rwelk
y8d2v2mj,o9x22m3w,209.56,12,2024-01-21,w89rwelk
y8d2v2mj,rw6vvkp9,319.2,6,2024-01-18,w89rwelk
y8d2v2mj,495jjvmw,337.35,15,2024-01-07,w89rwelk
y8d2v2mj,rdq006ow,280.81,6,2024-01-01,w89rwelk
y8d2v2mj,owokkgjd,231.76,3,2023-12-29,w89rwelk
y8d2v2mj,xd466vq9,335.98,50,2022-12-08,w89rwelk
y8d2v2mj,5d7776qd,377.23,56,2022-04-21,w89rwelk
y8d2v2mj,xd100vz9,341.23,51,2022-03-31,w89rwelk
zxzvprjq,5d7776qd,356.79,8,2017-03-26,w89rwelk
zxzvprjq,o9x22m3w,211.14,20,2017-03-03,w89rwelk
zxzvprjq,r9gzzkjd,374.34,20,2017-02-17,w89rwelk
zxzvprjq,ewpppkyw,369.33,14,2017-02-11,w89rwelk
zxzvprjq,rdq006ow,283.61,15,2016-11-08,w89rwelk
zxzvprjq,495jjvmw,340.8,24,2015-11-06,w89rwelk
qxk4wo6j,592jjv7w,263.73,8,2024-02-11,w89rwelk
qxk4wo6j,rw6vvkp9,324.9,24,2024-01-29,w89rwelk
qxk4wo6j,ewpppkyw,360.36,7,2024-01-25,w89rwelk
qxk4wo6j,r9gzzkjd,373.06,14,2024-01-23,w89rwelk
qxk4wo6j,o9x22m3w,210.4,18,2024-01-22,w89rwelk
qxk4wo6j,xd466vq9,288.76,12,2024-01-18,w89rwelk
qxk4wo6j,rdq006ow,283.03,11,2024-01-15,w89rwelk
qxk4wo6j,29vyy1q9,206.7,7,2024-01-10,w89rwelk
qxk4wo6j,owokkgjd,234.23,9,2024-01-02,w89rwelk
qxk4wo6j,5d7776qd,363.23,27,2023-12-30,w89rwelk
qxk4wo6j,kwjyyo0w,302.73,17,2023-12-27,w89rwelk
qxk4wo6j,xd100vz9,325.16,27,2023-12-26,w89rwelk
qxk4wo6j,5wk22gvw,297.83,35,2023-12-25,w89rwelk
qxk4wo6j,495jjvmw,338.03,17,2023-12-25,w89rwelk
qxk4wo6j,y9meekzd,227.5,2,2023-12-06,w89rwelk
86nrm5qx,y9meekzd,246.63,49,2022-07-01,w89rwelk
86nrm5qx,kwjyyo0w,310.61,24,2022-06-17,w89rwelk
kj9ylvx4,owokkgjd,244.97,76,2015-04-19,w89rwelk
kj9ylvx4,y9meekzd,251.65,63,2015-04-16,w89rwelk
kj9ylvx4,5d7776qd,378.14,58,2015-04-16,w89rwelk
98r70w3j,xd466vq9,370.16,78,2023-01-27,w89rwelk
98r70w3j,592jjv7w,280.26,59,2022-08-15,w89rwelk
98r70w3j,29vyy1q9,226.33,77,2022-05-16,w89rwelk
98r70w3j,y9meekzd,245.29,45,2022-05-07,w89rwelk
98r70w3j,rdq006ow,291.5,70,2022-03-20,w89rwelk
98r70w3j,rw6vvkp9,334.83,50,2022-03-10,w89rwelk
8rpp0egj,5d7776qd,372.67,45,2022-09-27,w89rwelk
8rpp0egj,ewpppkyw,383.81,30,2022-09-19,w89rwelk
8rpp0egj,xd466vq9,372.9,81,2022-09-13,w89rwelk
8rpp0egj,5wk22gvw,301.8,41,2022-08-27,w89rwelk
8rpp0egj,xd100vz9,334.13,42,2022-08-27,w89rwelk
8rpp0egj,o9x22m3w,219.38,82,2022-08-11,w89rwelk
8rpp0egj,495jjvmw,355.12,68,2022-08-09,w89rwelk
8rpp0egj,owokkgjd,240.9,56,2022-08-04,w89rwelk
8rpp0egj,y9meekzd,251.75,64,2022-08-02,w89rwelk
8rpp0egj,592jjv7w,278.17,52,2022-08-02,w89rwelk
8rpp0egj,29vyy1q9,227.62,80,2022-08-02,w89rwelk
8rpp0egj,r9gzzkjd,387.52,56,2022-07-20,w89rwelk
8rpp0egj,rdq006ow,289.62,65,2022-07-09,w89rwelk
8rpp0egj,rw6vvkp9,337.03,55,2022-07-07,w89rwelk
dx3q74qj,o9x22m3w,219.21,81,2016-06-17,w89rwelk
1xyw6wn8,y9meekzd,243.25,35,2024-01-05,w89rwelk
1xyw6wn8,o9x22m3w,213.0,40,2024-01-04,w89rwelk
1xyw6wn8,5d7776qd,369.5,38,2023-12-29,w89rwelk
1xyw6wn8,29vyy1q9,220.51,53,2023-12-28,w89rwelk
1xyw6wn8,5wk22gvw,301.83,42,2023-12-28,w89rwelk
1xyw6wn8,r9gzzkjd,375.31,23,2023-12-28,w89rwelk
1xyw6wn8,rdq006ow,288.23,56,2023-12-28,w89rwelk
1xyw6wn8,592jjv7w,276.83,47,2023-12-28,w89rwelk
1xyw6wn8,xd100vz9,331.71,40,2023-12-28,w89rwelk
1xyw6wn8,owokkgjd,238.35,36,2023-12-22,w89rwelk
1xyw6wn8,rw6vvkp9,331.66,40,2023-12-20,w89rwelk
1xyw6wn8,495jjvmw,345.76,40,2023-12-20,w89rwelk
1xyw6wn8,kwjyyo0w,314.98,32,2023-12-20,w89rwelk
1xyw6wn8,ewpppkyw,372.66,20,2023-12-19,w89rwelk
1xyw6wn8,xd466vq9,358.76,66,2023-12-19,w89rwelk
1xy05zjr,5wk22gvw,308.14,59,2021-12-23,w89rwelk
1xy05zjr,y9meekzd,247.48,53,2016-01-22,w89rwelk
1xy05zjr,rdq006ow,288.45,59,2015-05-21,w89rwelk
1xy05zjr,o9x22m3w,219.78,84,2014-05-08,w89rwelk
